,Tempo,Orientação,X,Y,V(x),V(y),w(z),A(x),A(y),N(z)
0,0.09502010000031955,2.6602354959873766e-08,4.882812390860636e-06,-1.9531249563442543e-05,-1.77696711034514e-06,-7.527926209149882e-05,1.1276357625433775e-09,-3.5923101677326486e-05,0.00024132071121130139,2.1523414162061272e-08
1,0.193576800000651,6.15407051982623e-08,9.765624781721272e-06,-1.9531249563442543e-05,-4.989948138245381e-06,-4.813978011952713e-05,1.0785695003789897e-08,-0.00013382082397583872,0.00023875708575360477,9.620207492844202e-07
2,0.27368020000092036,9.544900576834408e-08,1.4648437172581907e-05,-9.765624781721272e-06,-4.912519671051996e-06,-3.0106266422080807e-05,0.0,-4.4932829041499645e-05,0.00018518255092203617,-1.6166090972546954e-06
3,0.36721980000123494,1.3707662705030635e-07,1.4648437172581907e-05,-9.765624781721272e-06,0.0,-0.0,0.0,0.0,0.0,0.0
4,0.4597704000015462,1.3707662705030635e-07,1.4648437172581907e-05,-9.765624781721272e-06,-8.146320737978385e-07,-1.2221636325193685e-06,0.0,-8.8422981207259e-05,-0.0001326578640146181,0.0
5,0.5645752000018986,0.0010105729491778504,0.026958007365465164,-9.765624781721272e-06,0.6876200437545776,-3.9674639992881566e-05,0.0002796327171381563,8.462259292602539,-0.00043796843965537846,-0.0014756201999261975
6,0.6582506000022137,0.001125292008570868,0.1460546851158142,-1.9531249563442543e-05,1.6741842031478882,0.0004383391933515668,-0.00016830112144816667,9.956786155700684,-0.01375554408878088,0.006329438649117947
7,0.7549396000025388,0.001184842928840774,0.36033689975738525,-9.765624781721272e-06,2.6706886291503906,0.0003129685646854341,-7.146817324610311e-07,10.97996997833252,0.004911972675472498,-0.005435294006019831
8,0.8519871000028651,0.001367458045641142,0.6730761528015137,-0.0,3.671285629272461,0.0002760301867965609,0.00010427349479869008,8.922276496887207,-0.0014159876154735684,-0.0020476398058235645
9,0.9462366000031822,0.0027095432143611486,1.0779833793640137,1.9531249563442543e-05,4.654013633728027,0.0003374097286723554,0.0010596925858408213,8.24057388305664,-0.0001673781662248075,0.021077115088701248
10,1.039204600003495,0.01564711466605643,1.5602294206619263,0.0007519531063735485,5.546616554260254,0.012403733097016811,0.000501292641274631,6.742396831512451,-0.003689356381073594,-0.1269659548997879
11,1.123742800003779,0.01598177226072762,2.068530321121216,0.0015332030598074198,6.408907413482666,0.007832810282707214,-1.0636681224696076e-07,8.082772254943848,-0.03236260637640953,-2.5090307076425233e-07
12,1.2306209000041386,0.016134152515286507,2.8123388290405273,0.0021875000093132257,7.497029781341553,0.0051696524024009705,0.00014315589214675128,8.897916793823242,-0.0054448978044092655,0.012829416431486607
13,1.3274881000044643,0.087961459275929,3.589487314224243,0.006953124888241291,8.357025146484375,0.12356971204280853,0.03183524310588837,5.289677143096924,2.089911937713623,0.22811023890972137
14,1.4402959000048436,1.3144245577441325,4.591040134429932,0.04466796666383743,8.895733833312988,0.33024027943611145,0.24626317620277405,1.4845854043960571,-4.139601230621338,4.382863521575928
15,1.5366719000051678,2.1520597761435636,5.428105354309082,0.0710742175579071,8.78799819946289,0.2996380031108856,0.08479658514261246,-1.7925132513046265,0.6293383240699768,-1.948552131652832
16,1.6332851000054927,2.526395376380889,6.267509460449219,0.10390624403953552,8.881139755249023,0.3647584319114685,0.042954221367836,8.83962631225586,0.5129404067993164,-1.131394386291504
17,1.7372700000058423,2.801872507796551,7.263319969177246,0.1469140648841858,9.971755981445312,0.46801337599754333,0.02251558192074299,8.418282508850098,2.534416675567627,-0.8131825923919678
18,1.8336000000061663,2.8466496728625375,8.27176284790039,0.19651366770267487,10.638349533081055,0.5369205474853516,0.0026901732198894024,3.4074721336364746,0.17741133272647858,-0.04526204243302345
19,1.9269768000064804,2.8491560590705167,9.267060279846191,0.24635741114616394,10.649083137512207,0.5311517715454102,-0.0003866814076900482,-1.6758010387420654,-0.10855706036090851,-0.012917027808725834
20,2.035389700006845,2.866688630684031,10.389052391052246,0.3035058379173279,10.367682456970215,0.5870504379272461,0.02934841625392437,-3.08070707321167,3.4982316493988037,1.9516113996505737
21,2.1334354000071745,3.8398756974360753,11.372587203979492,0.3868066370487213,10.052807807922363,1.0425304174423218,0.23498643934726715,-2.820758819580078,3.935953378677368,0.5723124742507935
22,2.229821100007499,5.505147867798299,12.3276948928833,0.4845214784145355,9.750267028808594,0.9286850690841675,0.16353864967823029,-1.9693275690078735,-0.15135164558887482,-6.664482593536377
23,2.3130531000077785,6.2985439939725225,13.142617225646973,0.5655273199081421,9.494894981384277,0.9956399202346802,0.10932066291570663,-2.847020149230957,1.0161914825439453,1.7552241086959839
24,2.4067429000080938,6.660710208855956,14.01708984375,0.6622949242591858,9.217577934265137,1.052696704864502,0.023638783022761345,-1.9391000270843506,0.16951102018356323,-1.066688060760498
25,2.5006365000084094,6.736785886778206,14.87142562866211,0.7617577910423279,8.963173866271973,1.051371455192566,0.001862448058091104,-2.131497859954834,-0.17011694610118866,-0.1252879649400711
26,2.5850610000086935,6.752219810881169,15.646410942077637,0.8533984422683716,9.582083702087402,1.1523542404174805,0.010373684577643871,9.58141803741455,2.5077524185180664,0.6488975882530212
27,2.6802258000090133,7.293229867644702,16.605327606201172,0.9870507717132568,10.344762802124023,1.5872083902359009,0.16870826482772827,4.263904094696045,4.70526123046875,5.87821626663208
28,2.7808212000093517,9.176010939717475,17.646488189697266,1.1772558689117432,10.569036483764648,2.0795137882232666,0.3151685893535614,0.9523740410804749,0.9245964288711548,-9.206995010375977
29,2.8658931000096377,10.855682210660634,18.55390167236328,1.3447558879852295,10.52161979675293,1.9353209733963013,0.2188262939453125,-2.0306551456451416,0.8108333349227905,-1.1448479890823364
30,2.9606827000099565,11.918211842912182,19.544780731201172,1.5383788347244263,10.227274894714355,2.099838972091675,0.11253286898136139,-2.5897884368896484,2.542013645172119,-1.5586214065551758
31,3.055054000010274,13.090398581709994,20.4953556060791,1.7664941549301147,9.798273086547852,2.5855660438537598,0.20157717168331146,-3.60213565826416,3.5214171409606934,-5.627624034881592
32,3.1486764000105887,15.260028704806269,21.38176727294922,2.0310351848602295,9.332670211791992,3.010880708694458,0.3858688771724701,-4.134921550750732,3.4717788696289062,-1.770188808441162
33,3.242680500010905,18.578264680899817,22.229936599731445,2.3395214080810547,8.798315048217773,3.463867664337158,0.5257837772369385,-4.659821033477783,3.9584805965423584,0.7732237577438354
34,3.3378820000112253,22.647448736698042,23.0303897857666,2.6956443786621094,8.205854415893555,3.960585594177246,0.6524774432182312,-5.408218860626221,4.389260768890381,8.21840763092041
35,3.4327964000115445,26.940237428328892,23.78459930419922,3.088388681411743,7.79378080368042,4.130128383636475,0.5535387992858887,-1.4538769721984863,-1.1213970184326172,-9.528450965881348
36,3.5260844000118583,29.811139682044242,24.50571632385254,3.469970703125,7.547525405883789,4.101497650146484,0.3263735771179199,-3.1215975284576416,1.2676019668579102,-4.817737102508545
37,3.6103255000121415,31.384436727015512,25.141332626342773,3.831122875213623,7.807131290435791,4.528382301330566,0.23853716254234314,6.815902233123779,5.301281452178955,0.313179075717926
38,3.704559600012458,32.90174478245693,25.92536163330078,4.303559303283691,8.416693687438965,5.30009651184082,0.2593825161457062,3.528831958770752,9.603943824768066,7.899539470672607
39,3.8004074000127805,34.57538455355977,26.740257263183594,4.862113952636719,8.50256061553955,6.152116775512695,0.3540095090866089,-1.4212334156036377,7.43519401550293,17.67854118347168
40,3.8976471000131077,37.17906382830631,27.52878761291504,5.479291915893555,8.143848419189453,6.697812557220459,0.3327634334564209,-3.6609933376312256,2.4137372970581055,-22.763427734375
41,3.9954834000134367,40.934500421404856,28.3116455078125,6.177714824676514,7.449388027191162,7.045522689819336,0.8283222317695618,-8.976944923400879,3.5650408267974854,30.84882164001465
42,4.091233300013759,45.00236128361957,28.970237731933594,6.855185508728027,6.6923508644104,7.3095269203186035,0.6163919568061829,-6.602813720703125,2.05354642868042,-0.7711244821548462
43,4.186578800014079,49.4146180565528,29.567338943481445,7.566611289978027,5.975274085998535,7.4779486656188965,0.6298547387123108,-3.493234634399414,-0.37814003229141235,-10.596161842346191
44,4.282602100014402,52.80787383223407,30.132143020629883,8.268359184265137,5.797206401824951,7.294938564300537,0.3610489070415497,-3.1420023441314697,-0.08676402270793915,-7.4192962646484375
45,4.383912200014743,54.954844910802144,30.700214385986328,9.019902229309082,5.304388523101807,7.304948329925537,0.3479927182197571,-5.609221935272217,-0.18818794190883636,8.997822761535645
46,4.468924000015029,55.90778105197393,31.13045883178711,9.631709098815918,5.180492877960205,7.485992908477783,0.13329704105854034,4.249204635620117,7.376830101013184,-0.40652376413345337
47,4.565745800015354,56.71609136366569,31.65828514099121,10.403115272521973,5.642166614532471,8.382323265075684,0.07848292589187622,2.4274277687072754,6.330749988555908,-4.402597427368164
48,4.674996800015722,57.50476421531053,32.286170959472656,11.384521484375,5.597711563110352,9.218110084533691,0.2052028626203537,-3.9320127964019775,5.304911136627197,8.41209888458252
49,4.77275120001605,59.53677831338828,32.800086975097656,12.297646522521973,5.061368465423584,9.456725120544434,0.41673743724823,-5.582056045532227,0.7592030763626099,12.05657958984375
50,4.868123400016371,62.83158584954154,33.24550247192383,13.205859184265137,4.342589855194092,9.44732666015625,0.527616560459137,-6.379199504852295,-0.2015022337436676,0.4272993803024292
51,4.964749600016696,66.38884634555012,33.6374397277832,14.10086441040039,4.05375337600708,9.248745918273926,0.45443224906921387,-0.07872160524129868,-2.3809850215911865,-2.1802785396575928
52,5.0616948000170225,68.86348309542686,34.00815200805664,14.988436698913574,3.5530364513397217,9.145864486694336,0.25030454993247986,-4.943892002105713,-0.13875919580459595,-19.718788146972656
53,5.146803400017308,71.09532762765593,34.28445816040039,15.803217887878418,2.8060944080352783,9.111577033996582,0.48769041895866394,-8.127373695373535,-0.9621284008026123,15.164434432983398
54,5.243594300017634,74.16437359178158,34.511722564697266,16.67046356201172,2.0707077980041504,8.945548057556152,0.4295257031917572,-5.234783172607422,-1.3888856172561646,-20.43875503540039
55,5.330402100017926,77.53251065155614,34.6644287109375,17.442655563354492,1.60917329788208,8.747183799743652,0.6613612174987793,-1.7505249977111816,-2.4169774055480957,5.102543354034424
56,5.427081700018251,80.22283167105034,34.81875228881836,18.243436813354492,1.6039235591888428,8.518683433532715,0.2627864480018616,-1.997214674949646,-1.3964943885803223,-6.985447883605957
57,5.5124190000185385,81.77096874997763,34.932289123535156,18.960750579833984,1.1027413606643677,8.37102222442627,0.239729106426239,-5.262849807739258,-1.4062014818191528,2.347341775894165
58,5.622499100018908,84.3649743623816,35.00600051879883,19.871532440185547,0.3666873574256897,8.124073028564453,0.505707859992981,-6.312342166900635,-2.763680934906006,14.022573471069336
59,5.7219147000192425,87.2512719387855,35.03579330444336,20.65675163269043,0.37017399072647095,7.87683629989624,0.3840900659561157,0.9327905178070068,-2.075981616973877,5.907742023468018
60,5.808768000019534,88.85044826880525,35.06739807128906,21.388994216918945,0.3186127245426178,8.449671745300293,0.18337146937847137,-0.4198536276817322,7.233409881591797,-10.321037292480469
61,5.894245700019822,90.16933564281874,35.083675384521484,22.172191619873047,0.027994828298687935,9.310670852661133,0.23007701337337494,-5.15070915222168,7.401856899261475,-4.96488094329834
62,5.992227500020151,91.86416742570533,35.051029205322266,23.08378791809082,-0.5956770181655884,9.85438346862793,0.32534489035606384,-5.94716215133667,2.6923468112945557,7.202549934387207
63,6.076620900020435,94.35942094265104,34.9671516418457,23.95064926147461,-1.148983359336853,9.927419662475586,0.4433206617832184,-3.4578969478607178,-0.7582623958587646,-13.077146530151367
64,6.175907200020769,97.09239116092623,34.85325622558594,24.89838409423828,-1.3116168975830078,9.72748851776123,0.3376035690307617,-4.53066873550415,-2.6050846576690674,-9.910004615783691
65,6.262718700021061,99.54612171249187,34.70635986328125,25.733720779418945,-1.9131486415863037,9.367547988891602,0.3995188772678375,-4.816544532775879,-3.3763318061828613,-10.009576797485352
66,6.34846240002135,102.5971541416808,34.51102066040039,26.525604248046875,-2.4494357109069824,8.925851821899414,0.5986018180847168,-5.367159843444824,-5.347806453704834,6.242250919342041
67,6.436687100021646,106.13067895482081,34.272865295410156,27.291372299194336,-2.779052972793579,8.520506858825684,0.6764054894447327,-0.5229922533035278,-3.0072712898254395,24.199777603149414
68,6.536849100021983,109.02884652116694,34.006919860839844,28.125497817993164,-2.7022969722747803,8.290237426757812,0.31259459257125854,-1.5276885032653809,-2.6872005462646484,3.131343126296997
69,6.6216542000222685,110.70848577190549,33.74923324584961,28.82929229736328,-3.1516988277435303,7.8776397705078125,0.3280411958694458,-4.889565467834473,-4.803799152374268,1.382767677307129
70,6.718407100022594,113.03432898100526,33.42893600463867,29.538177490234375,-3.601735830307007,7.3871169090271,0.4769350290298462,-4.017183780670166,-5.2145771980285645,10.974164962768555
71,6.815775400022921,116.5109304806278,33.056453704833984,30.221702575683594,-4.001108169555664,6.81287956237793,0.5874695181846619,-3.440572738647461,-5.126476764678955,6.928926467895508
72,6.9136035000232505,120.89949543746278,32.64551544189453,30.84730339050293,-4.396443843841553,6.197880268096924,0.6472827196121216,-3.1006579399108887,-5.053823947906494,-1.748511552810669
73,6.999393400023539,125.37343493917565,32.2443733215332,31.35628318786621,-4.734724521636963,5.612152099609375,0.7255762815475464,-2.909679889678955,-5.3971943855285645,-1.1907230615615845
74,7.084594200023825,129.96861520943568,31.802865982055664,31.86517906188965,-5.235456466674805,6.05882453918457,0.7358576059341431,-5.337672233581543,6.826991558074951,-0.5250399708747864
75,7.170966400024116,133.9644094457266,31.31290054321289,32.43218231201172,-5.874752044677734,6.662805557250977,0.7633994817733765,-9.279815673828125,4.4427490234375,9.387484550476074
76,7.2683741000244435,137.1561898646381,30.720781326293945,33.08070373535156,-6.502453327178955,7.028152942657471,0.4118412435054779,-3.1932265758514404,2.7721827030181885,-10.19817066192627
77,7.368321400024779,138.32076393127616,30.077070236206055,33.789207458496094,-6.442192077636719,7.203879356384277,0.00016140323714353144,2.6293141841888428,0.38180220127105713,-4.056643009185791
78,7.46957660002512,136.62812685165574,29.44352912902832,34.52382278442383,-6.076425552368164,7.161426067352295,-0.4481719434261322,2.120267391204834,-1.867821455001831,0.027674417942762375
79,7.566545900025446,133.74684547547804,28.84427261352539,35.18608856201172,-6.257376670837402,6.639339923858643,-0.3807835876941681,0.1320984959602356,-2.94887638092041,-10.815299987792969
80,7.663640100025773,132.03568900993972,28.24879264831543,35.82114791870117,-6.236789226531982,6.706171035766602,-0.22354669868946075,-5.919028282165527,7.564559459686279,-3.505185842514038
81,7.7368328000260185,130.92253439356298,27.75728988647461,36.36532211303711,-6.578251838684082,7.435903549194336,-0.23954439163208008,-1.6878200769424438,9.164780616760254,1.1037460565567017
82,7.834530800026347,129.39934125106055,27.13336944580078,37.117923736572266,-6.679313659667969,8.226104736328125,-0.1981046497821808,-3.273632526397705,2.943439483642578,1.361263394355774
83,7.920640000026637,128.51154226879294,26.535858154296875,37.85520553588867,-6.758584976196289,8.405325889587402,-0.08954481035470963,1.28339684009552,-0.0929940938949585,7.161703109741211
84,8.017179600026962,128.02016751171664,25.911054611206055,38.64234924316406,-6.541164875030518,8.307282447814941,-0.05143396556377411,1.8116786479949951,-1.2073516845703125,0.7513078451156616
85,8.101588000027245,127.65908887165536,25.357831954956055,39.359554290771484,-6.219664573669434,8.249375343322754,-0.07962750643491745,3.5752084255218506,0.03655117005109787,1.233132243156433
86,8.20964280002761,126.17239830312877,24.73613739013672,40.2410888671875,-5.554474830627441,8.292792320251465,-0.2819283902645111,5.1959547996521,0.18535594642162323,-4.088250637054443
87,8.294645300027895,123.79251831775291,24.294321060180664,40.9451789855957,-4.978793621063232,8.293984413146973,-0.4111981987953186,5.1649322509765625,0.022454923018813133,15.072502136230469
88,8.393715300028228,119.96936330220382,23.85007667541504,41.75834274291992,-4.224128246307373,8.301162719726562,-0.5124303102493286,5.660766124725342,0.04626811295747757,10.614322662353516
89,8.493818000028565,115.5301967906478,23.46567726135254,42.587860107421875,-3.676717519760132,8.203252792358398,-0.5608159303665161,0.7604135274887085,-1.7222814559936523,10.652088165283203
90,8.589777600028887,112.29296233408746,23.110721588134766,43.39460754394531,-3.3161659240722656,8.07917308807373,-0.3334479331970215,5.210226535797119,0.11111367493867874,114.15702056884766
91,8.67417630002917,109.85069514656553,22.869306564331055,44.073631286621094,-2.5971434116363525,8.090059280395508,-0.40682172775268555,6.21951150894165,-0.36592897772789,10.4274263381958
92,8.771788900029499,106.66421828365266,22.66941261291504,44.81626510620117,-1.8782442808151245,7.971192359924316,-0.5298628211021423,5.925829887390137,-1.2402076721191406,-4.007535457611084
93,8.867757900029822,103.03789296627893,22.49199676513672,45.606258392333984,-1.7974729537963867,7.733867168426514,-0.5616594552993774,-0.6341782808303833,-2.618509292602539,2.369554281234741
94,8.967466800030158,100.86770088805085,22.333446502685547,46.35723114013672,-1.3716381788253784,7.58150577545166,-0.40379616618156433,8.048757553100586,-1.541649341583252,-11.70690631866455
95,9.065417300030486,98.61117117343396,22.239233016967773,47.08205795288086,-0.715551495552063,7.426226615905762,-0.37249696254730225,4.737320423126221,-1.5723803043365479,2.98872709274292
96,9.161967500030812,95.28749515508798,22.201948165893555,47.782752990722656,-0.2464136779308319,7.194087505340576,-0.4890820384025574,0.45881393551826477,-1.6608284711837769,6.681520938873291
97,9.258522400031136,92.62834767093837,22.165658950805664,48.46992874145508,-0.35939913988113403,7.002729892730713,-0.2851271629333496,3.1243064403533936,-1.5883517265319824,0.24010950326919556
98,9.354427100031458,90.70547106185418,22.16425323486328,49.13005447387695,0.22037546336650848,6.793689250946045,-0.3178821802139282,4.493136882781982,-2.0296058654785156,0.3610239624977112
99,9.452706900031789,87.8234607801552,22.217870712280273,49.77419662475586,0.76930171251297,6.506139278411865,-0.516916036605835,4.607166290283203,-2.859971523284912,-7.991523265838623
100,9.549100600032114,84.17495273581046,22.30355453491211,50.38444900512695,0.8744040727615356,6.282626628875732,-0.442552387714386,-0.8514111042022705,-1.0197417736053467,11.191854476928711
101,9.645587200032438,81.91789565560677,22.3793888092041,50.98904800415039,0.8270336985588074,6.118052959442139,-0.2409113645553589,3.3103184700012207,-2.04732608795166,-2.649588108062744
102,9.742525700032763,80.31104268322002,22.488203048706055,51.56456756591797,1.3089187145233154,5.8360490798950195,-0.27664756774902344,3.1789803504943848,-2.4227206707000732,-2.6968789100646973
103,9.827409000033049,78.01613600112972,22.6182804107666,52.04208755493164,1.6846345663070679,5.5472331047058105,-0.452985018491745,3.4873218536376953,-3.0023462772369385,0.3567914068698883
104,9.925230200033377,74.08697091599093,22.80656623840332,52.56132507324219,2.0764029026031494,5.173892021179199,-0.6940487623214722,3.260061740875244,-3.5927670001983643,-12.426959037780762
105,10.022205100033704,69.48694272030198,23.036157608032227,53.06718063354492,2.5915966033935547,5.431674480438232,-0.7324650883674622,5.283443927764893,7.214198112487793,-11.183260917663574
106,10.11626390003402,64.74466111891292,23.31477928161621,53.617889404296875,3.2587664127349854,6.136481761932373,-0.6878260374069214,6.482385158538818,4.773797512054443,4.28114128112793
107,10.212320500034343,60.03554120766516,23.669677734375,54.239227294921875,3.9718685150146484,6.756192684173584,-0.6347978115081787,4.407471179962158,5.3418779373168945,2.152899980545044
108,10.29776470003463,57.12912053615605,24.025447845458984,54.836151123046875,4.35475492477417,7.123974323272705,-0.39550912380218506,3.891788959503174,0.45817795395851135,-0.0017590220086276531
109,10.402128700034982,55.03290384177177,24.514711380004883,55.58605194091797,4.652530193328857,6.8609771728515625,-0.24673141539096832,1.1940428018569946,-3.2903366088867188,10.416449546813965
110,10.498772200035306,53.97006608148726,24.97968292236328,56.25666046142578,5.260805606842041,7.499050140380859,-0.13740213215351105,5.5635986328125,5.982162952423096,1.6790043115615845
111,10.582919100035589,53.2461506454948,25.45320701599121,56.921356201171875,5.877156734466553,8.135024070739746,-0.09153106063604355,5.369273662567139,5.17301607131958,1.0580936670303345
112,10.676006400035902,52.76483462459742,26.0445499420166,57.72581481933594,6.558339595794678,8.787763595581055,-0.04005629941821098,4.899606227874756,4.165045261383057,0.1538761407136917
113,10.769229900036217,52.692811734555775,26.6844425201416,58.57229232788086,6.993370056152344,9.189544677734375,0.002380454447120428,1.5791234970092773,1.768471121788025,0.022452374920248985
114,10.865021800036539,52.72527185717487,27.356590270996094,59.45634460449219,6.950826168060303,9.20738410949707,0.015468536876142025,-2.5028493404388428,0.05411190167069435,-0.09346096962690353
115,10.960226800036859,53.51378145972536,27.981595993041992,60.329715728759766,6.3979644775390625,9.266834259033203,0.18974988162517548,-4.428211212158203,0.316015362739563,-2.6869091987609863
116,11.05527410003718,55.83218338252733,28.55335807800293,61.21245574951172,5.7357072830200195,9.250871658325195,0.37980708479881287,-5.613714694976807,-0.25076645612716675,-2.244198799133301
117,11.151399700037501,58.84550517817374,29.06870460510254,62.08028030395508,5.360253810882568,9.084725379943848,0.3789988160133362,-0.052246104925870895,-2.458561897277832,-7.555643081665039
118,11.23716350003779,61.15816373425451,29.526254653930664,62.88712692260742,4.847979545593262,9.053175926208496,0.4008820652961731,-7.234869003295898,0.6216490268707275,3.66058611869812
119,11.333706000038115,63.86881516211863,29.93669891357422,63.737606048583984,4.079351425170898,9.08674144744873,0.3679731786251068,-5.226500034332275,-0.15480884909629822,-14.639822959899902
120,11.428523700038435,67.3824581166355,30.2941837310791,64.6208267211914,3.4747021198272705,8.977980613708496,0.49362659454345703,-1.2649571895599365,-2.2027599811553955,-16.305694580078125
121,11.524622900038757,69.89522529727402,30.62293815612793,65.45922088623047,3.359943389892578,8.745862007141113,0.2889091372489929,-2.9817352294921875,-1.251116156578064,0.31998541951179504
122,11.618514700039073,71.33658797072678,30.912710189819336,66.27340698242188,2.84588623046875,8.63819408416748,0.16354666650295258,-4.6350836753845215,-0.6444551348686218,-3.796466827392578
123,11.715218500039398,72.82361921608539,31.15898895263672,67.0890121459961,2.5396780967712402,8.454122543334961,0.2059929519891739,1.3902866840362549,-2.4679384231567383,0.14620739221572876
124,11.813522600039729,73.75011264079255,31.40609359741211,67.90945434570312,2.4304652214050293,8.231019973754883,0.07526195794343948,-1.1234240531921387,-1.3958241939544678,-4.994800090789795
125,11.896967300040009,74.09511760793315,31.613569259643555,68.62371063232422,2.3559458255767822,8.218655586242676,0.04265851154923439,2.5209779739379883,9.373266220092773,-0.5054155588150024
126,12.00440490004037,74.4951607730199,31.87131690979004,69.5492935180664,2.4740753173828125,9.316052436828613,0.08413095772266388,-0.8812309503555298,7.519495010375977,-1.4545879364013672
127,12.098404300040686,75.62017650362576,32.08774948120117,70.46119689941406,2.175886869430542,9.973122596740723,0.2525010406970978,-3.5862720012664795,3.730123996734619,3.0856735706329346
128,12.172556500040935,77.55850377548872,32.23164367675781,71.2197036743164,1.7711259126663208,10.178122520446777,0.4298804700374603,-5.0276384353637695,0.552719235420227,-5.956630229949951
129,12.270474200041265,81.29520309419108,32.36406326293945,72.21346282958984,1.0648831129074097,10.052322387695312,0.48781758546829224,-5.235773086547852,-1.7418420314788818,-23.392114639282227
130,12.36692910004159,85.5767624159508,32.42283630371094,73.16205596923828,0.30495309829711914,9.773582458496094,0.6895776391029358,-6.920952320098877,-2.9080820083618164,-6.52049446105957
131,12.463207100041913,90.14742692195843,32.4077033996582,74.07451629638672,-0.47042813897132874,9.417600631713867,0.6003014445304871,-5.717154502868652,-2.8752777576446533,-22.146835327148438
132,12.557932400042231,94.87145842472103,32.31985092163086,74.94622039794922,-1.2297933101654053,9.001355171203613,0.7018293142318726,-6.2880330085754395,-3.7524259090423584,-1.085800290107727
133,12.654209900042556,99.76174289471814,32.16122055053711,75.78823852539062,-1.873626947402954,8.557404518127441,0.7109479904174805,-2.621971368789673,-3.0086874961853027,-0.5852122902870178
134,12.751428000042882,103.57177568677491,31.98679542541504,76.60377502441406,-1.8128992319107056,8.33495044708252,0.4437606632709503,-1.6963872909545898,-2.49652099609375,-3.0497708320617676
135,12.846754300043203,105.82528986571876,31.797163009643555,77.38607025146484,-2.1081933975219727,8.006832122802734,0.2560777962207794,-2.358428955078125,-2.7070977687835693,0.38248327374458313
136,12.91971770004345,107.0512033608571,31.6180419921875,78.02472686767578,-2.495217800140381,8.583930015563965,0.2539401054382324,-5.328034400939941,8.152728080749512,-5.7349534034729
137,13.015969600043773,108.55408649493613,31.353782653808594,78.85478210449219,-3.163438558578491,9.232047080993652,0.22922557592391968,-6.465959072113037,3.8170859813690186,-1.4469162225723267
138,13.110031200044089,110.54242879372212,31.011693954467773,79.7455062866211,-3.903111696243286,9.478859901428223,0.36170023679733276,-6.071500301361084,-0.0733506828546524,2.7532730102539062
139,13.206162500044412,113.58157064194843,30.6007080078125,80.6473617553711,-4.436219692230225,9.243609428405762,0.5244518518447876,-1.6851649284362793,-2.168348550796509,-5.259553909301758
140,13.303533400044738,116.18230262238697,30.18181037902832,81.5342788696289,-4.362627983093262,9.051949501037598,0.3378519117832184,-3.519670009613037,-4.286777019500732,1.9056720733642578
141,13.402705600045072,118.47717390842672,29.71004295349121,82.41238403320312,-4.884568214416504,8.426749229431152,0.4176955819129944,-4.457524299621582,-6.3117804527282715,3.492297649383545
142,13.500522800045403,121.28871371802708,29.227846145629883,83.17205810546875,-5.249202251434326,7.795788288116455,0.3811858594417572,-2.3126490116119385,-4.4532036781311035,-18.262996673583984
143,13.594780200045719,124.77230698606404,28.711116790771484,83.8948974609375,-5.334999084472656,7.35902738571167,0.5213796496391296,2.126646041870117,-1.1374017000198364,1.0554988384246826
144,13.679904000046005,127.06297791811578,28.26352882385254,84.50484466552734,-5.383327007293701,7.047365188598633,0.34175872802734375,-2.879133701324463,-4.966769218444824,-0.7745220065116882
145,13.777847500046335,129.19023447729785,27.731191635131836,85.16912841796875,-5.4025373458862305,6.708235740661621,0.2614109218120575,0.8560093641281128,-2.1736786365509033,3.033052444458008
146,13.874076000046658,130.29021843677614,27.205501556396484,85.80810546875,-5.372224807739258,6.414376735687256,0.11630184948444366,0.30511653423309326,-2.592693328857422,-1.003024935722351
147,13.967558200046973,130.72855073361546,26.709360122680664,86.39118194580078,-5.335643291473389,6.152527332305908,0.04717825725674629,-0.6777646541595459,-2.7986390590667725,-0.2947799265384674
148,14.051913300047255,131.53996457820838,26.2369327545166,86.90419006347656,-5.497100830078125,5.719860076904297,0.18654794991016388,-1.137488603591919,-3.7210299968719482,-4.778504371643066
149,14.148047200047579,133.80370926311343,25.714794158935547,87.40872955322266,-5.654501438140869,5.186740398406982,0.48476698994636536,-1.4334279298782349,-5.506153106689453,13.407777786254883
150,14.233721700047868,137.20736601980082,25.205923080444336,87.83641052246094,-5.798854351043701,4.602078437805176,0.8369547128677368,-1.35626220703125,-7.865565299987793,38.2843017578125
151,14.332162000048198,140.93907237694808,24.65971565246582,88.26759338378906,-5.604866027832031,4.518755912780762,0.4696621894836426,2.2715299129486084,0.25675877928733826,2.586754083633423
152,14.416761200048484,142.83784995815765,24.187402725219727,88.64508819580078,-5.5335283279418945,4.324065208435059,0.23912443220615387,0.06615113466978073,-2.6432313919067383,-5.889865875244141
153,14.5108680000488,144.0209019559106,23.66358757019043,89.02874755859375,-5.611696720123291,3.8771607875823975,0.15452921390533447,-0.5106881856918335,-3.4217448234558105,-3.436352252960205
154,14.60637410004912,145.591422039119,23.127641677856445,89.38177490234375,-5.51885986328125,3.6576452255249023,0.21341367065906525,2.354518175125122,1.1173455715179443,-2.052142381668091
155,14.702954300049445,146.73288898927856,22.566640853881836,89.75997161865234,-6.228708267211914,4.196993350982666,0.12403512746095657,-5.809464454650879,4.311410427093506,-6.701910495758057
156,14.800190100049772,147.16108030491813,21.923837661743164,90.20243072509766,-6.883572101593018,4.816728591918945,-0.01562892459332943,-2.974381685256958,4.909817695617676,-0.6256582140922546
157,14.884104200050055,146.64576417836108,21.283475875854492,90.64753723144531,-7.4568328857421875,5.044827461242676,-0.10527412593364716,-5.41417932510376,0.6401020884513855,-2.78556489944458
158,14.979603300050377,146.33549969473188,20.589242935180664,91.1102294921875,-7.589744567871094,5.060105800628662,-0.03542698919773102,1.8612791299819946,0.4704079031944275,-0.02431102655827999
159,15.062843400050657,145.67101763426425,19.95162582397461,91.56037139892578,-7.194735050201416,5.274435520172119,-0.18143010139465332,3.9064159393310547,1.8583449125289917,-0.829550564289093
160,15.157906100050976,143.55879444260094,19.31841278076172,92.05967712402344,-6.680542469024658,5.5121965408325195,-0.37026485800743103,4.335371017456055,1.9033684730529785,9.101737022399902
161,15.232302200051226,140.96609091044738,18.837371826171875,92.48441314697266,-6.167280197143555,5.678142070770264,-0.4602562487125397,4.5598273277282715,1.741538405418396,23.969226837158203
162,15.31674590005151,137.25681996264606,18.3463077545166,92.97586822509766,-5.581552505493164,5.9036865234375,-0.5857555270195007,5.21412467956543,1.9759342670440674,9.835834503173828
163,15.41473210005184,132.35024707232031,17.8546142578125,93.55618286132812,-4.836440086364746,6.155375003814697,-0.7916076183319092,7.17758846282959,1.693131446838379,-14.036256790161133
164,15.526055700052213,126.16523130088784,17.37008285522461,94.26456451416016,-3.924985647201538,6.379441261291504,-0.8374924063682556,6.90892219543457,1.3772268295288086,45.831085205078125
165,15.624374500052545,120.61724057100467,17.03519058227539,94.89010620117188,-3.141256332397461,6.4986467361450195,-0.7635704278945923,6.1068291664123535,0.6470769643783569,-3.649077892303467
166,15.718876200052861,115.06957504824636,16.77922821044922,95.5119400024414,-2.3843252658843994,6.5436882972717285,-0.8780545592308044,6.7539801597595215,0.08821266889572144,-22.038578033447266
167,15.814720400053185,109.49978975528148,16.593740463256836,96.13443756103516,-1.65384042263031,6.517391681671143,-0.8153870701789856,5.990487575531006,-0.5059707164764404,-7.39674186706543
168,15.910256100053505,104.02478065555549,16.47661018371582,96.74405670166016,-0.9686546921730042,6.425328254699707,-0.7706584930419922,5.371245384216309,-0.9890562295913696,-3.1062567234039307
169,16.005202400053825,98.5629544254522,16.42110824584961,97.34810638427734,-0.3220745027065277,6.2723212242126465,-0.7700952887535095,5.053346157073975,-1.4610155820846558,8.361876487731934
170,16.103221100054153,93.06267357348705,16.424785614013672,97.95050811767578,0.2500239610671997,6.0936279296875,-0.7543783187866211,2.182649612426758,0.757169783115387,3.633178234100342
171,16.198329800054474,88.19994002672729,16.445438385009766,98.5806655883789,0.19876843690872192,7.029508590698242,-0.6921592950820923,-0.30943942070007324,8.578457832336426,-2.2999353408813477
172,16.282167300054756,84.57139163106274,16.46147918701172,99.21269226074219,0.23086147010326385,7.882882595062256,-0.4758126139640808,0.6409549713134766,6.7301812171936035,24.125608444213867
173,16.36562730005504,82.09928939045514,16.481435775756836,99.92745208740234,0.2512766718864441,8.590343475341797,-0.2585328221321106,-0.11799018085002899,4.720773220062256,14.840544700622559
174,16.477495400055414,81.87580945354273,16.498090744018555,100.89398956298828,0.05379499867558479,8.949081420898438,0.1360636055469513,-1.5072146654129028,0.1633538156747818,-3.415806770324707
175,16.58887040005579,85.00497638103711,16.489086151123047,101.87857055664062,-0.17645937204360962,8.758082389831543,0.7745174169540405,-2.949218511581421,-3.0803587436676025,24.01901626586914
176,16.68511130005611,89.87403210162975,16.45393943786621,102.71123504638672,-0.44415244460105896,8.475898742675781,0.6661236882209778,-0.8244929909706116,-1.7884851694107056,-23.987375259399414
177,16.781122500056433,93.73575092562591,16.42054557800293,103.5078125,-0.34529659152030945,8.268409729003906,0.3610319495201111,-1.5998822450637817,-1.7949925661087036,-21.980100631713867
178,16.864210700056713,96.2154181152863,16.356693267822266,104.2271728515625,-1.0010448694229126,7.976489067077637,0.32079246640205383,-4.900671005249023,-2.449507236480713,-89.43140411376953
179,16.97026150005707,99.33782802643684,16.212108612060547,105.01119995117188,-1.688413381576538,7.571572780609131,0.45364877581596375,-4.570222854614258,-3.118877410888672,-6.061863899230957
180,17.06541770005739,102.71449531252338,16.038496017456055,105.73765563964844,-1.689542293548584,7.329468727111816,0.6297212243080139,3.1596858501434326,-1.8479939699172974,29.84369468688965
181,17.16084430005771,104.5004488525174,15.881972312927246,106.40230560302734,-1.761026382446289,7.133525848388672,0.1863456666469574,-1.8068181276321411,0.12122833728790283,-3.030364990234375
182,17.25588960005803,105.60267196215075,15.695868492126465,107.13065338134766,-2.0994455814361572,8.026764869689941,0.13943350315093994,-3.1094319820404053,7.723618030548096,-0.48020467162132263
183,17.35381610005836,106.59906092776586,15.465087890625,107.94878387451172,-2.671405076980591,8.839532852172852,0.13190393149852753,-4.844963073730469,4.499702453613281,-3.0929195880889893
184,17.43655920005864,107.91771305664537,15.204545974731445,108.72573852539062,-3.2847445011138916,9.231417655944824,0.30812156200408936,-6.43293571472168,2.2387540340423584,7.65355110168457
185,17.518956300058914,109.75515304923879,14.912114143371582,109.52228546142578,-3.430131196975708,9.502105712890625,0.24616356194019318,0.40073326230049133,0.7335490584373474,-9.473761558532715
186,17.62466630005927,111.14528508785816,14.552963256835938,110.49906158447266,-3.5913338661193848,9.583641052246094,0.13598045706748962,-3.3061435222625732,6.998804569244385,-2.6521942615509033
187,17.718940400059587,112.00391569807203,14.190160751342773,111.44942474365234,-4.061300754547119,10.446678161621094,0.10105640441179276,-4.1684417724609375,6.629096984863281,-0.0023005877155810595
188,17.816575400059918,112.52590439365417,13.76998519897461,112.50144958496094,-4.536805152893066,11.128796577453613,0.05493095889687538,-3.0046260356903076,3.818563222885132,-0.4326145648956299
189,17.910745200060234,112.78277728595874,13.323657035827637,113.5788345336914,-4.718935966491699,11.295654296875,0.028945518657565117,-0.11348066478967667,-1.0403507947921753,0.14802061021327972
190,17.993157800060512,112.89764713039584,12.921347618103027,114.53679656982422,-4.6756134033203125,11.101017951965332,0.014740029349923134,0.7528732419013977,-2.402683734893799,-0.2745371162891388
191,18.098933400060865,112.95854838202916,12.450644493103027,115.65116882324219,-4.569765090942383,10.797316551208496,0.0053457217290997505,1.011122703552246,-2.6561598777770996,0.07214158773422241
192,18.169814600061105,112.97194430862686,12.119707107543945,116.43257904052734,-4.483008861541748,10.576370239257812,0.0011463885894045234,0.8792042136192322,-2.1424131393432617,-0.051022522151470184
193,18.253943400061388,112.84687159556016,11.749560356140137,117.32367706298828,-4.204277038574219,10.372005462646484,-0.05807550996541977,4.096873760223389,-4.031394004821777,-1.192415475845337
194,18.33809940006167,111.95241003453792,11.424443244934082,118.17940521240234,-3.7201149463653564,10.254443168640137,-0.1614837646484375,3.365508556365967,-0.914556086063385,30.00948715209961
195,18.446080900062032,109.16292523050228,11.074003219604492,119.24937438964844,-3.0349795818328857,10.06263542175293,-0.4686027765274048,5.763756275177002,-1.5226695537567139,-1.5556368827819824
196,18.540898400062353,105.45000854148367,10.828383445739746,120.1915512084961,-2.3053998947143555,9.893524169921875,-0.5869434475898743,6.4683074951171875,-1.4144428968429565,-2.1801044940948486
197,18.624421300062632,101.57788036866651,10.672802925109863,121.01089477539062,-1.5918331146240234,9.727131843566895,-0.6610866785049438,7.029017448425293,-1.7761670351028442,2.9976470470428467
198,18.717744100062948,97.09508400090554,10.570527076721191,121.9072494506836,-0.7615582346916199,9.456901550292969,-0.7032439708709717,7.301783084869385,-2.562934398651123,-8.556124687194824
199,18.804078500063238,92.88418186204089,10.542216300964355,122.70761108398438,-0.10043886303901672,9.184918403625488,-0.753278911113739,4.035396575927734,-2.7435784339904785,2.278686761856079
200,18.898717100063557,89.22643607004946,10.530932426452637,123.5617904663086,-0.08479591459035873,8.965394973754883,-0.41430240869522095,2.273704767227173,0.009856563061475754,9.730086326599121
201,18.99224240006387,86.63132531473472,10.535507202148438,124.45664978027344,0.1542414426803589,9.866650581359863,-0.35127171874046326,2.58628511428833,7.830626964569092,7.730431079864502
202,19.08684580006419,84.55366649321985,10.5692720413208,125.42537689208984,0.5384581089019775,10.753763198852539,-0.2958577573299408,4.303586483001709,7.58458137512207,-3.8620834350585938
203,19.1800798000645,83.21957071331293,10.643739700317383,126.46363830566406,0.9202925562858582,11.433049201965332,-0.10295981913805008,0.5458217859268188,3.6510231494903564,1.2628923654556274
204,19.276155200064824,83.69578774798329,10.718573570251465,127.57356262207031,0.6575909852981567,11.576725006103516,0.20491018891334534,-3.1929450035095215,-0.9349797964096069,0.26988905668258667
205,19.36024010006511,85.96447172267027,10.75162124633789,128.5365447998047,0.24037466943264008,11.367554664611816,0.45609769225120544,-4.5924391746521,-2.571849822998047,0.9838607907295227
206,19.456596100065433,90.10801147145804,10.734750747680664,129.65174865722656,-0.44747114181518555,10.978466987609863,0.775913417339325,-7.797460079193115,-6.64768648147583,2.816821813583374
207,19.553316400065757,94.36501827903791,10.651630401611328,130.6627960205078,-1.173913598060608,10.538069725036621,0.5925119519233704,-5.7154154777526855,-3.5822551250457764,-27.529443740844727
208,19.647590000066074,98.78144861780196,10.499926567077637,131.62510681152344,-1.9025368690490723,10.051941871643066,0.6602282524108887,-6.183468341827393,-4.393609523773193,-4.059332847595215
209,19.742882300066395,102.79279901864228,10.304301261901855,132.56089782714844,-2.0438411235809326,9.714740753173828,0.46375319361686707,-0.4588719606399536,-2.349679946899414,-4.952452182769775
210,19.828407300066683,105.18299092149121,10.120248794555664,133.37010192871094,-2.288053274154663,9.397897720336914,0.2672596871852875,-2.447969913482666,-2.5870399475097656,-18.962129592895508
211,19.924762300067005,107.02397722057115,9.872787475585938,134.26156616210938,-2.765214443206787,8.97409725189209,0.24937817454338074,-4.7576727867126465,-3.9471652507781982,1.904793620109558
212,20.007410600067285,108.70924548704421,9.61520004272461,134.99256896972656,-3.240967273712158,8.529054641723633,0.3089181184768677,-3.7472004890441895,-4.291750907897949,-2.565138816833496
213,20.101717400067603,111.42474752506988,9.289360046386719,135.76052856445312,-3.6574392318725586,8.009167671203613,0.4617276191711426,-3.4253408908843994,-4.552177429199219,-10.67422866821289
214,20.194893200067916,115.10703198323928,8.9238862991333,136.4792022705078,-4.075561046600342,7.440986633300781,0.583276629447937,-3.5765323638916016,-4.97461462020874,7.825008869171143
215,20.29175760006824,119.56983520574644,8.509745597839355,137.15464782714844,-4.509900093078613,6.8102850914001465,0.6749392747879028,-3.411083698272705,-5.267678737640381,-3.1515018939971924
216,20.385980000068557,123.83122925936999,8.080639839172363,137.78712463378906,-4.4212493896484375,6.597780704498291,0.588134765625,2.2960097789764404,-0.7256401181221008,13.093801498413086
217,20.481099700068878,126.39262194256595,7.663598537445068,138.39797973632812,-4.450439453125,6.309974670410156,0.33719030022621155,-0.8670167326927185,-3.638715982437134,8.710436820983887
218,20.578872000069207,127.72900711186965,7.232260704040527,138.981689453125,-4.542649745941162,5.9680657386779785,0.10730518400669098,-0.10443169623613358,-1.8529165983200073,-9.239395141601562
219,20.665177200069497,128.3913929749026,6.796186447143555,139.54574584960938,-5.064373016357422,6.486755847930908,0.1377481371164322,-8.850065231323242,8.56510066986084,1.703041434288025
220,20.758223900069808,129.1551246552222,6.292817115783691,140.16505432128906,-5.863962173461914,6.958793640136719,0.12529173493385315,-6.260478496551514,2.347722053527832,-1.8403713703155518
221,20.852241500070125,130.7282557983662,5.696645259857178,140.83148193359375,-6.5702033042907715,7.0461931228637695,0.3391828238964081,-5.7018303871154785,-1.1930837631225586,8.488086700439453
222,20.947198900070443,133.70728166622962,5.043300628662109,141.48147583007812,-7.041160583496094,6.6647844314575195,0.5204617977142334,-2.9152615070343018,-4.781094551086426,-4.010513782501221
223,21.04325140007077,137.7059758571366,4.341103553771973,142.10096740722656,-7.16648006439209,6.162515163421631,0.6632166504859924,1.7983489036560059,-1.3327401876449585,0.04907071962952614
224,21.138771300071088,140.4596894251731,3.6871337890625,142.6693878173828,-7.0049591064453125,6.002105712890625,0.3703514337539673,0.05148635804653168,-3.679328441619873,7.168878555297852
225,21.258993600071495,143.12833976923798,2.8082518577575684,143.34510803222656,-7.263710021972656,5.093091011047363,0.37890589237213135,-1.374076247215271,-6.498388767242432,-6.027420520782471
226,21.355111200071818,146.02412998055738,2.114921808242798,143.78758239746094,-7.349904537200928,4.393337726593018,0.5300813913345337,0.05204088240861893,-6.916214942932129,9.139554977416992
227,21.449320000072134,149.65307983722516,1.419399380683899,144.17100524902344,-7.329110622406006,3.824946880340576,0.5832783579826355,-0.50508713722229,-6.135082244873047,17.19162940979004
228,21.543148800072448,153.55294502193965,0.7333935499191284,144.48614501953125,-7.368581771850586,3.07373046875,0.6093159914016724,0.03486350178718567,-6.361382961273193,-0.7506480813026428
229,21.626349500072727,157.47944070191045,0.10902831703424454,144.7190399169922,-7.295166492462158,2.5881025791168213,0.5459169745445251,0.9550894498825073,-2.031898260116577,-22.101898193359375
230,21.70991670007301,160.49629453463027,-0.49146971106529236,144.93971252441406,-7.1060357093811035,2.629169225692749,0.3354170024394989,1.1020641326904297,-1.353767991065979,-17.801753997802734
231,21.80500240007333,162.40799284125282,-1.1501758098602295,145.1710662841797,-7.252060413360596,2.453533887863159,0.24782603979110718,-8.898605346679688,2.0121688842773438,3.4882395267486572
232,21.901401200073654,163.89661814995847,-1.889223575592041,145.4140625,-8.255154609680176,2.6424365043640137,0.20020733773708344,-8.162686347961426,0.9677795767784119,0.1791396290063858
233,21.986119600073938,164.971268281397,-2.675956964492798,145.654296875,-9.179838180541992,2.6933810710906982,0.16539925336837769,-9.416481971740723,-0.3502446115016937,2.539332389831543
234,22.08085990007426,165.75568053456433,-3.565737247467041,145.89291381835938,-9.963932037353516,2.4623711109161377,0.12991146743297577,-4.965216159820557,-3.6623480319976807,1.9080665111541748
235,22.17367860007457,167.2770054072416,-4.512783050537109,146.0919952392578,-10.2281494140625,1.9212021827697754,0.27322596311569214,-0.1267441362142563,-4.309211730957031,-4.647355556488037
236,22.267610800074884,170.16008005875386,-5.468393325805664,146.23622131347656,-10.080365180969238,1.2776695489883423,0.5091509222984314,2.5291905403137207,-6.197498321533203,-2.580873489379883
237,22.363766100075207,173.5061822684941,-6.4215087890625,146.34091186523438,-9.818079948425293,1.0907390117645264,0.4318596422672272,2.2531661987304688,0.8291394710540771,-31.12654685974121
238,22.46144740007554,175.64510590585368,-7.355710506439209,146.43797302246094,-9.56120491027832,0.8748779892921448,0.21811911463737488,1.9408507347106934,-2.654421091079712,-6.230668544769287
239,22.55793700007586,176.77397651109132,-8.277421951293945,146.5066375732422,-9.306181907653809,0.5895604491233826,0.10189402103424072,1.8792600631713867,-1.4766082763671875,-5.6518754959106445
240,22.651758500076177,177.26796607935484,-9.134657859802246,146.5539093017578,-9.063142776489258,0.4520235061645508,0.049875903874635696,2.137387990951538,-0.7752506136894226,0.3228053152561188
241,22.74460380007649,177.4650283063319,-9.965834617614746,146.5929412841797,-8.82633113861084,0.39245715737342834,0.016100989654660225,2.009885549545288,-0.30656760931015015,-0.3576216995716095
242,22.826614400076764,177.5196530664519,-10.695929527282715,146.62513732910156,-8.616707801818848,0.3690568804740906,0.002687074476853013,1.7497971057891846,-0.1218695193529129,-0.19037142395973206
243,22.93269250007712,177.71615112765295,-11.565019607543945,146.6540069580078,-8.366782188415527,0.14199796319007874,0.0785059928894043,2.0321638584136963,-3.0126729011535645,1.6378620862960815
244,23.02720560007744,179.0848638253276,-12.34695816040039,146.6428680419922,-8.100739479064941,-0.3025035858154297,0.23184405267238617,1.8563131093978882,-3.0322465896606445,-20.58944320678711
245,23.112262200077726,181.75027912215543,-13.012313842773438,146.594482421875,-7.819559574127197,-0.7486961483955383,0.40800970792770386,2.3288707733154297,-3.649543046951294,-17.052717208862305
246,23.197477000078013,185.5465163748152,-13.685783386230469,146.49888610839844,-7.4870219230651855,-1.2847563028335571,0.5652123689651489,2.6744890213012695,-4.548145294189453,-20.611478805541992
247,23.293596200078337,190.20876305753129,-14.379015922546387,146.34774780273438,-7.419737339019775,-1.7355915307998657,0.7264265418052673,-8.526823043823242,-2.330098867416382,5.125375747680664
248,23.38712730007865,194.56428090469132,-15.136791229248047,146.17507934570312,-8.381823539733887,-1.9224604368209839,0.6401694416999817,-8.166285514831543,-3.116827964782715,3.831294298171997
249,23.47055910007893,197.84061752164718,-15.875316619873047,145.98587036132812,-8.960579872131348,-2.5354673862457275,0.47730347514152527,-2.817999839782715,-7.298365116119385,-11.469320297241211
250,23.565088100079247,201.16628383796993,-16.709592819213867,145.6971435546875,-9.007777214050293,-3.493156671524048,0.5323144197463989,2.1400954723358154,-8.487642288208008,3.487274408340454
251,23.659196300079564,204.51960795788165,-17.528366088867188,145.32566833496094,-8.551554679870605,-4.231531143188477,0.49053066968917847,4.759137153625488,-4.930478096008301,-0.746323823928833
252,23.74336570007985,207.64053327109792,-18.237804412841797,144.94642639160156,-8.184709548950195,-4.462784767150879,0.4193066358566284,1.2544186115264893,1.1588252782821655,-15.893579483032227
253,23.82708990008013,209.82756565964283,-18.935644149780273,144.568359375,-7.971766948699951,-4.403231620788574,0.2949610650539398,3.0844671726226807,-1.0455455780029297,-2.555283784866333
254,23.92199880008045,211.26785475530443,-19.646753311157227,144.1526336669922,-7.534175872802734,-4.658748149871826,0.17615103721618652,3.72149395942688,-2.456575632095337,-11.119321823120117
255,24.016293100080766,213.10667571287343,-20.325037002563477,143.6947479248047,-6.984235763549805,-5.004717826843262,0.3287246823310852,4.692497253417969,-2.449158191680908,-2.174457550048828
256,24.113279600081093,216.0535523641638,-20.95118522644043,143.20684814453125,-6.381472587585449,-5.274368762969971,0.515413761138916,5.436872959136963,-2.2998600006103516,5.488530158996582
257,24.19876440008138,219.7539021332787,-21.489397048950195,142.72169494628906,-5.766897678375244,-5.525996685028076,0.6911181807518005,6.317798137664795,-2.501734495162964,-28.795181274414062
258,24.296577300081708,223.85062791967636,-22.02638816833496,142.19224548339844,-5.54918098449707,-5.416675090789795,0.564950168132782,0.03547508642077446,2.4899392127990723,9.82532787322998
259,24.36830310008195,225.88814900639187,-22.44026756286621,141.7884063720703,-5.384591579437256,-5.347614765167236,0.35814136266708374,3.406637668609619,-0.4448285698890686,1.1262859106063843
260,24.452654500082232,227.18994089039228,-22.879352569580078,141.3354034423828,-5.076657295227051,-5.375472068786621,0.18701674044132233,2.9398791790008545,0.10703596472740173,0.26763468980789185
261,24.536225600082513,227.865893350799,-23.30586814880371,140.8756561279297,-5.368547439575195,-5.830721855163574,0.08797653764486313,-4.826070785522461,-5.753632068634033,-3.653736114501953
262,24.619450200082795,228.47105173040356,-23.78533172607422,140.34658813476562,-5.839676856994629,-6.587774276733398,0.10204068571329117,-2.11299204826355,-8.179057121276855,-0.7432721853256226
263,24.71643500008312,229.46489906662205,-24.33928871154785,139.68568420410156,-5.952883243560791,-7.394523620605469,0.18435761332511902,0.6788017749786377,-4.936302185058594,-3.227727174758911
264,24.801101400083404,231.49363098689705,-24.845943450927734,139.01339721679688,-5.702247619628906,-7.884157657623291,0.3693826198577881,3.572033643722534,-2.789491891860962,-12.874776840209961
265,24.899200500083737,235.05200589145016,-25.352251052856445,138.25015258789062,-5.068129539489746,-8.106040954589844,0.5098925828933716,6.120034217834473,-0.17169469594955444,-20.242708206176758
266,24.997435600084067,239.56444195268034,-25.81462860107422,137.42689514160156,-4.2470927238464355,-8.199027061462402,0.6363880038261414,6.594985485076904,-0.45106077194213867,1.2194193601608276
267,25.095410900084396,244.34171443862772,-26.17672348022461,136.63221740722656,-3.3997395038604736,-8.221345901489258,0.6603684425354004,6.6837639808654785,0.05612966790795326,-17.19171905517578
268,25.19156320008472,249.46072431800093,-26.461408615112305,135.82044982910156,-2.515925645828247,-8.179153442382812,1.283301830291748,12.545233726501465,1.0797425508499146,87.51427459716797
269,25.287563500085042,254.28631669218618,-26.665611267089844,135.0561065673828,-2.0421345233917236,-8.030831336975098,0.7002872228622437,0.5984618663787842,1.7314562797546387,-5.094405174255371
270,25.38613530008537,257.7279287867614,-26.86574935913086,134.28009033203125,-1.92214834690094,-7.830689907073975,0.4510383605957031,3.8288052082061768,1.630941390991211,2.5482046604156494
271,25.48644040008571,260.18916826344673,-27.01297378540039,133.4993896484375,-1.1210253238677979,-7.723493576049805,0.4244556725025177,7.489243030548096,1.5259661674499512,3.7370054721832275
272,25.574571600086006,262.7183164233516,-27.077213287353516,132.82814025878906,-0.4927031099796295,-7.52692985534668,0.4709347188472748,5.496979713439941,2.2170822620391846,-0.3621932566165924
273,25.648926500086258,265.6259268770222,-27.0914306640625,132.25765991210938,0.0018307266291230917,-7.31079626083374,0.6251621842384338,5.616562843322754,2.6213576793670654,-2.517979383468628
274,25.757767000086623,270.56328584716124,-27.049293518066406,131.5034637451172,0.6823685169219971,-6.972548007965088,0.5837475061416626,4.283771514892578,2.271940231323242,-25.051414489746094
275,25.855658100086952,275.78208684048866,-26.94571304321289,130.83335876464844,1.2706712484359741,-6.628458023071289,0.7489262223243713,2.918290138244629,2.34971022605896,-15.642389297485352
276,25.956168900087288,280.12822197653526,-26.828256607055664,130.18185424804688,1.1024736166000366,-6.492434978485107,0.41944703459739685,-0.6178979277610779,1.2428680658340454,-39.959381103515625
277,26.055574900087624,282.4380441355681,-26.710678100585938,129.54574584960938,1.274135708808899,-6.257880687713623,0.22531084716320038,1.9358766078948975,2.052340030670166,-5.516888618469238
278,26.15273930008795,283.55233056713246,-26.571195602416992,128.91259765625,1.5676413774490356,-6.87452507019043,0.1493373066186905,3.1291675567626953,-8.548620223999023,-1.401951551437378
279,26.237552400088237,284.5363587254368,-26.409719467163086,128.26870727539062,2.0705173015594482,-7.64090633392334,0.17297132313251495,5.790336608886719,-6.102025508880615,-3.2375478744506836
280,26.3460970000886,286.35031615120323,-26.14908790588379,127.43179321289062,2.77185320854187,-8.149118423461914,0.2992209792137146,5.031787395477295,-1.509018063545227,0.5156336426734924
281,26.445466100088936,289.6085713345751,-25.829792022705078,126.61263275146484,3.400813102722168,-8.020478248596191,0.7067469954490662,5.993038177490234,4.055577278137207,6.569851875305176
282,26.532183900089226,293.45904395722863,-25.504114151000977,125.9303970336914,3.8713531494140625,-7.545230388641357,0.7233980298042297,4.669649124145508,5.422160625457764,0.8393809199333191
283,26.6432032000896,298.8118611052646,-25.054040908813477,125.16288757324219,4.411684989929199,-6.846756458282471,0.6674298048019409,3.5891811847686768,5.085221767425537,-9.781915664672852
284,26.743645600089938,304.2191934124399,-24.58294677734375,124.51753997802734,4.873762130737305,-6.131404876708984,0.7562854886054993,3.407470703125,5.787408351898193,-6.9527740478515625
285,26.84242150009027,309.8152378169162,-24.073463439941406,123.95040893554688,5.268558979034424,-5.38711404800415,0.7938328981399536,2.883955955505371,6.079414367675781,6.134817123413086
286,26.9403052000906,315.4779164921329,-23.53594207763672,123.46381378173828,5.582611083984375,-4.634944438934326,0.7327994704246521,2.0192525386810303,5.568917274475098,-17.438430786132812
287,27.037662600090925,321.17361916354355,-22.975263595581055,123.05318450927734,5.8137054443359375,-3.8853302001953125,0.907538890838623,1.741699457168579,6.794658184051514,11.455550193786621
288,27.13666970009126,326.88258115714973,-22.39584732055664,122.71480560302734,5.96321439743042,-3.146984815597534,0.9176806807518005,1.022062063217163,6.715190887451172,18.82681655883789
289,27.22328800009155,331.86068473780114,-21.85675048828125,122.45259857177734,5.925075054168701,-2.8245394229888916,0.7789398431777954,-0.9625633358955383,1.2346954345703125,-5.281996250152588
290,27.32060600009188,335.37176087271337,-21.305749893188477,122.18071746826172,5.994218826293945,-2.9500625133514404,0.3959199786186218,7.4250874519348145,-2.8156232833862305,-1.7755424976348877
291,27.4159629000922,338.0876731983006,-20.679210662841797,121.87815856933594,6.958352565765381,-3.3120126724243164,0.31737828254699707,6.804283142089844,-2.6997995376586914,-10.001230239868164
292,27.51217400009252,339.8999381155547,-19.963226318359375,121.53618621826172,7.780648708343506,-3.706935405731201,0.1552865207195282,5.3442511558532715,-2.8908369541168213,-3.596575975418091
293,27.607252600092842,339.75726714543737,-19.189054489135742,121.15951538085938,8.21451187133789,-4.080564022064209,-0.15104375779628754,1.73468816280365,-3.067521333694458,-3.37485671043396
294,27.704023100093167,337.65834120687583,-18.382951736450195,120.76253509521484,8.454495429992676,-3.989689350128174,-0.4124574363231659,1.6038711071014404,4.883269309997559,-14.575078010559082
295,27.802118700093498,335.8332592143816,-17.559560775756836,120.39715576171875,8.381661415100098,-3.694601058959961,-0.15452717244625092,-1.7930711507797241,-0.04851222038269043,18.938425064086914
296,27.900119800093826,334.93597475467107,-16.763654708862305,120.03633880615234,8.09758186340332,-3.7232978343963623,-0.08136419951915741,-2.0084874629974365,-0.10597756505012512,3.543893575668335
297,27.998185000094157,334.52567561460745,-15.987658500671387,119.67251586914062,7.8277153968811035,-3.68994402885437,-0.025075895711779594,-2.228377103805542,0.8067016005516052,1.5907996892929077
298,28.095621200094484,334.2909215141339,-15.23561954498291,119.3050765991211,7.476491928100586,-3.811595916748047,-0.09232360124588013,-3.568215847015381,-2.006193161010742,-3.145472764968872
299,28.19296210009481,332.8036191634636,-14.53746509552002,118.92021179199219,7.020623683929443,-4.089890480041504,-0.2763661742210388,-3.5638535022735596,-2.127035140991211,3.2500882148742676
300,28.288768100095133,329.81173571932004,-13.889213562011719,118.51344299316406,6.603152751922607,-4.250064849853516,-0.42419999837875366,-1.302456259727478,1.1562141180038452,16.373376846313477
301,28.396021100095496,327.21669649655917,-13.174875259399414,118.06964874267578,6.851643085479736,-4.255695819854736,-0.3168599009513855,7.904143810272217,-6.338412284851074,-2.7913570404052734
302,28.496776700095833,325.20305250250544,-12.454338073730469,117.59766387939453,7.446860313415527,-5.121503829956055,-0.24305947124958038,1.7165950536727905,-7.018402099609375,13.70160961151123
303,28.597155300096173,323.1083517753914,-11.685546875,117.02092742919922,7.6586480140686035,-6.004098415374756,-0.30776435136795044,2.4906747341156006,-4.640602111816406,5.118586540222168
304,28.693210700096493,321.42716876764354,-10.94174575805664,116.43228912353516,7.71045446395874,-6.287519931793213,-0.19129586219787598,-3.052272081375122,-2.4117939472198486,1.6442062854766846
305,28.788681700096816,319.3173532968805,-10.238683700561523,115.81184387207031,7.12799072265625,-6.618178367614746,-0.3117804229259491,-4.285604476928711,-1.892277717590332,13.47162914276123
306,28.884025000097136,316.25106962437945,-9.59267520904541,115.16439056396484,6.435656547546387,-6.814291000366211,-0.5373333692550659,-6.232651710510254,-1.7379703521728516,-5.301381587982178
307,28.99503950009751,311.6496930845427,-8.93924331665039,114.40145111083984,5.59041166305542,-7.040128707885742,-0.6143350005149841,-6.228686809539795,-1.5793627500534058,20.400842666625977
308,29.092003100097834,306.928656592347,-8.439714431762695,113.70208740234375,4.771107196807861,-7.213196754455566,-0.6974368095397949,-6.731687068939209,-1.2394394874572754,5.513452529907227
309,29.18879920009816,302.54065472202774,-7.999941349029541,113.01367950439453,4.547628879547119,-7.0623626708984375,-0.46943199634552,-0.291080117225647,1.7139545679092407,27.544631958007812
310,29.28606650009849,299.78327783946906,-7.575229167938232,112.33685302734375,4.22623872756958,-7.0038042068481445,-0.3212442398071289,-2.958644151687622,-1.6907082796096802,-0.7290154695510864
311,29.38230260009881,297.93330165293133,-7.155073165893555,111.61663055419922,4.5264692306518555,-7.915731430053711,-0.2616058886051178,2.6289427280426025,-8.400015830993652,-4.156604290008545
312,29.478857100099138,296.4849121992751,-6.702436447143555,110.79421997070312,4.719945430755615,-8.88969898223877,-0.15826182067394257,0.27143779397010803,-7.280181884765625,2.4215102195739746
313,29.576822600099465,295.78011400005187,-6.240483283996582,109.87962341308594,4.7062668800354,-9.576268196105957,-0.06532060354948044,-0.4635797142982483,-2.8465492725372314,-0.2334728240966797
314,29.677076500099805,295.258145055461,-5.786889553070068,108.91484069824219,4.347380638122559,-9.67673110961914,-0.11650220304727554,-4.0194902420043945,0.09854444861412048,0.7198874354362488
315,29.776864700100138,293.4510297862448,-5.394379615783691,107.96062469482422,3.709606170654297,-9.61042308807373,-0.33222147822380066,-5.997464656829834,2.2214810848236084,-3.8920187950134277
316,29.864572200100433,290.6833436476284,-5.092001914978027,107.09648895263672,3.0757429599761963,-9.471073150634766,-0.41715264320373535,-4.906364917755127,0.9576498866081238,17.310945510864258
317,29.963431100100767,286.6737313373583,-4.835878849029541,106.18273162841797,2.3153650760650635,-9.3270902633667,-0.71701979637146,-7.783221244812012,1.5795161724090576,-0.9602594375610352
318,30.04773300010105,282.7623863342504,-4.676630973815918,105.40629577636719,1.6701624393463135,-9.160806655883789,-0.6864057779312134,-4.245962142944336,2.04740309715271,-12.172484397888184
319,30.145153800101376,279.149509533258,-4.515038967132568,104.53475189208984,1.6276655197143555,-8.912585258483887,-0.4045324921607971,-2.436347484588623,1.7105367183685303,2.5284676551818848
320,30.231864700101667,277.1088759936754,-4.388227462768555,103.74858856201172,1.3130261898040771,-8.908544540405273,-0.28550365567207336,-0.15066012740135193,-8.948104858398438,4.616273403167725
321,30.331282800102002,275.39201468874114,-4.263149261474609,102.82984924316406,1.2465299367904663,-9.93157958984375,-0.22054386138916016,-1.887818455696106,-7.892467975616455,2.792207717895508
322,30.427349700102326,274.14258893802185,-4.150527477264404,101.80724334716797,1.0734102725982666,-10.92319107055664,-0.14429053664207458,-1.8484128713607788,-7.642082691192627,4.143645763397217
323,30.52365950010265,273.4394544241969,-4.06765604019165,100.71492767333984,0.6668673753738403,-11.625518798828125,-0.09249359369277954,-4.340656757354736,-3.2840657234191895,1.6300791501998901
324,30.619645200102973,272.0885895321232,-4.038964748382568,99.58851623535156,0.06466664373874664,-11.710928916931152,-0.3053242564201355,-5.226672172546387,1.2744030952453613,-1.6374810934066772
325,30.70519420010326,269.7110741058578,-4.061225414276123,98.6026382446289,-0.4324878454208374,-11.46548080444336,-0.43083456158638,-3.143794536590576,2.6568667888641357,-1.0918453931808472
326,30.792639900103556,267.4812142154882,-4.093754768371582,97.60516357421875,-0.37374162673950195,-11.204401969909668,-0.3123236894607544,-1.5951917171478271,2.8115553855895996,5.761951923370361
327,30.891004000103884,266.0259358550678,-4.143183708190918,96.53366088867188,-0.6288288831710815,-10.872448921203613,-0.1459427922964096,-1.8479019403457642,2.4721102714538574,5.3736891746521
328,31.005032500104267,264.8884899169112,-4.243129730224609,95.29975128173828,-1.0912590026855469,-10.469930648803711,-0.18867957592010498,-3.003566026687622,3.20453143119812,-1.9643503427505493
329,31.102892100104597,264.02390594687216,-4.341181755065918,94.31792449951172,-1.0278455018997192,-10.1845121383667,-0.09383872896432877,-0.5046478509902954,2.4175426959991455,-0.05888205021619797
330,31.19800360010492,263.5852106742477,-4.446650505065918,93.322509765625,-1.1319128274917603,-10.37674331665039,-0.03198695927858353,-0.7740272879600525,-5.645396709442139,8.207843780517578
331,31.29419380010524,263.01869571018,-4.574624061584473,92.28450012207031,-1.5239654779434204,-11.279837608337402,-0.1267515867948532,-4.278467655181885,-6.719911575317383,-1.2497307062149048
332,31.40370350010561,261.4667137578963,-4.780092716217041,91.02595520019531,-2.1585516929626465,-11.74406909942627,-0.3907836973667145,-6.6476335525512695,-2.1033642292022705,-16.630416870117188
333,31.501121100105937,258.66822897676866,-5.020805358886719,89.91027069091797,-2.761594533920288,-11.638032913208008,-0.4680369198322296,-4.909038543701172,2.563497304916382,-0.8386676907539368
334,31.602176500106278,254.71596416382033,-5.340595722198486,88.74514770507812,-3.280332565307617,-11.183783531188965,-0.485800176858902,-0.5191994309425354,2.447164297103882,4.134430885314941
335,31.6982149001066,251.62293951701878,-5.663945198059082,87.68415069580078,-3.550184965133667,-10.770896911621094,-0.4192025661468506,-5.572892665863037,5.005785942077637,-2.766810417175293
336,31.79392320010692,248.81092074746516,-6.043310642242432,86.682861328125,-4.18626070022583,-10.143963813781738,-0.44167280197143555,-4.897411823272705,5.720698833465576,-4.463311672210693
337,31.878396800107208,246.08514410513334,-6.417197227478027,85.86148071289062,-4.621986389160156,-9.568681716918945,-0.5140159726142883,-4.218661308288574,5.945868015289307,-7.62268590927124
338,31.976387300107536,242.50800600839995,-6.893837928771973,84.95256042480469,-4.9246721267700195,-9.129261016845703,-0.46155107021331787,-2.1292827129364014,-4.395916938781738,48.051204681396484
339,32.075527400107866,239.59011005899302,-7.396020412445068,84.01927185058594,-5.445260047912598,-9.935600280761719,-0.3417786657810211,-5.399687767028809,-5.08308219909668,11.06577205657959
340,32.16945210010819,237.3676864362152,-7.96050500869751,83.03508758544922,-6.265496730804443,-10.463644027709961,-0.2934477925300598,-7.899040222167969,-2.1517224311828613,0.5415910482406616
341,32.26483040010851,235.42961648040827,-8.608080863952637,82.04505920410156,-7.169373512268066,-10.358172416687012,-0.304056316614151,-6.762114524841309,2.8366599082946777,-9.339506149291992
342,32.35873400010882,233.5297748013533,-9.308171272277832,81.07140350341797,-7.411690711975098,-10.2345609664917,-0.21263213455677032,-0.5286312699317932,2.142946720123291,5.128544330596924
343,32.454618800109145,232.55190591092705,-10.011056900024414,80.10958099365234,-7.294277191162109,-10.009068489074707,-0.058113209903240204,2.7238168716430664,0.8297642469406128,1.7352708578109741
344,32.538387700109425,233.09953613740296,-10.611725807189941,79.25374603271484,-6.855635166168213,-9.973336219787598,0.1418817639350891,3.183572769165039,0.25128766894340515,-13.245709419250488
345,32.62294370010971,234.6174992363151,-11.20690631866455,78.38910675048828,-7.2800493240356445,-10.418558120727539,0.2073114961385727,-4.620665073394775,-5.001996040344238,-7.445940017700195
346,32.718812100110036,235.99076790550345,-11.919812202453613,77.3664779663086,-7.693049907684326,-11.133049011230469,0.23049397766590118,-1.2434488534927368,-6.208141803741455,8.284244537353516
347,32.80466220011032,236.74714686613055,-12.589208602905273,76.37370300292969,-7.598585605621338,-11.428593635559082,0.0772542729973793,1.3766677379608154,-0.311501145362854,-3.603928804397583
348,32.90288510011065,237.15291097748275,-13.297751426696777,75.29357147216797,-7.406674861907959,-11.369433403015137,0.041783131659030914,-0.0542658306658268,-1.5193638801574707,-0.27242591977119446
349,32.99732980011097,237.39547199349047,-14.026613235473633,74.16752624511719,-7.791136264801025,-12.096779823303223,0.025335799902677536,-2.807584285736084,-5.527641296386719,-0.2108464390039444
350,33.08058130011125,237.50308357096338,-14.703295707702637,73.11190032958984,-7.981716156005859,-12.504134178161621,0.010653655976057053,-0.20909835398197174,-0.9081688523292542,-0.39678147435188293
351,33.165010000111536,237.55050659260178,-15.369525909423828,72.06632232666016,-7.9153733253479,-12.436806678771973,0.004942201543599367,1.057709813117981,1.503078818321228,-0.18803346157073975
352,33.276218100111905,237.5800977048948,-16.202945709228516,70.75493621826172,-7.686074733734131,-12.155305862426758,0.010000426322221756,3.0174741744995117,1.2477952241897583,0.41580650210380554
353,33.35955820011219,238.25378514052375,-16.853832244873047,69.68029022216797,-7.126559734344482,-12.115585327148438,0.16130605340003967,4.736005783081055,0.2804291248321533,-6.0921711921691895
354,33.466122800112544,240.35270384177034,-17.56007194519043,68.41067504882812,-6.424650192260742,-11.965023040771484,0.3777221143245697,3.7251687049865723,2.305266857147217,-4.792434215545654
355,33.54974210011282,242.10240826777417,-18.0904483795166,67.4346923828125,-6.312559604644775,-11.640384674072266,0.2448471039533615,2.8063666820526123,2.0528323650360107,-1.4269276857376099
356,33.632895300113105,243.52146487278088,-18.605148315429688,66.43629455566406,-5.696110725402832,-11.580439567565918,0.27216365933418274,7.258866310119629,0.2577192783355713,6.549650192260742
357,33.72960680011343,245.10677269953544,-19.127939224243164,65.34076690673828,-5.363196849822998,-11.330546379089355,0.24812613427639008,4.609047889709473,2.013949155807495,0.7225898504257202
358,33.826568900113756,246.5876533558888,-19.598005294799805,64.27050018310547,-4.6590352058410645,-11.261940956115723,0.23915980756282806,5.623668193817139,0.6147411465644836,-4.46967077255249
359,33.92288470011408,249.00478814260032,-20.004186630249023,63.19198226928711,-3.9233791828155518,-11.131269454956055,0.3153984844684601,4.907904624938965,1.2665376663208008,-16.45608901977539
360,34.0175990001144,252.15728051833412,-20.333486557006836,62.14485168457031,-3.150885581970215,-10.931894302368164,0.5180650353431702,6.958493232727051,1.7962089776992798,3.9788641929626465
361,34.11321580011472,255.80307025325413,-20.589576721191406,61.10984802246094,-2.3476905822753906,-10.714486122131348,0.6075946688652039,7.485286712646484,2.1487600803375244,13.063868522644043
362,34.20854910011504,259.68634404443895,-20.770004272460938,60.1064453125,-1.6661406755447388,-10.470523834228516,0.4453645646572113,2.0131826400756836,1.898669719696045,-19.640666961669922
363,34.30548620011537,262.8305818329856,-20.921316146850586,59.105525970458984,-1.3227298259735107,-10.206034660339355,0.3853919804096222,6.362252235412598,1.9039074182510376,-4.684831142425537
364,34.403651200115696,265.54914572878613,-21.00148582458496,58.12613296508789,-0.48862165212631226,-9.935123443603516,0.4138932526111603,6.4579596519470215,2.72109317779541,-1.1099964380264282
365,34.50032500011602,268.6741394784025,-21.008649826049805,57.19330596923828,0.20375920832157135,-9.58462142944336,0.5387939214706421,6.0556960105896,3.3606696128845215,3.2078821659088135
366,34.59052750011632,272.4691707452356,-20.951120376586914,56.29954528808594,0.8734124302864075,-9.194608688354492,0.9316921830177307,8.926491737365723,5.425215244293213,19.18938446044922
367,34.68810580011665,276.6750491713268,-20.836000442504883,55.45221710205078,1.3746681213378906,-8.814770698547363,0.6779430508613586,0.8308879733085632,2.5891847610473633,10.169465065002441
368,34.78484660011698,279.892951131968,-20.710983276367188,54.60848617553711,1.3229972124099731,-8.58373737335205,0.36311501264572144,2.0122690200805664,2.4252700805664062,-3.2147910594940186
369,34.868623300117264,281.5460151847369,-20.583873748779297,53.878318786621094,1.6132218837738037,-8.637508392333984,0.1793394237756729,2.156569480895996,-6.501200199127197,-11.61497974395752
370,34.96618840011759,283.14076227711354,-20.403804779052734,53.01358413696289,2.1608619689941406,-9.443563461303711,0.18501470983028412,4.830852508544922,-4.092719078063965,-4.814901351928711
371,35.06431070011792,285.0349322001271,-20.148366928100586,52.067054748535156,2.926522970199585,-9.84337043762207,0.24462871253490448,4.484386444091797,-0.8893199563026428,-15.671610832214355
372,35.16084560011824,287.5013017027635,-19.83732795715332,51.10305404663086,3.375755548477173,-9.86337661743164,0.3520325720310211,4.308755397796631,2.9450089931488037,-2.015503168106079
373,35.24711770011854,290.0769074845892,-19.518152236938477,50.27019500732422,3.8694069385528564,-9.421146392822266,0.4411616325378418,4.070892333984375,4.476166248321533,2.5638179779052734
374,35.343206000118855,293.6752552251776,-19.11494255065918,49.39081954956055,4.352974891662598,-8.81713581085205,0.5608508586883545,3.98598575592041,5.3024115562438965,1.2926520109176636
375,35.438555200119175,297.7812476743848,-18.673757553100586,48.58759689331055,4.821280002593994,-8.16259765625,0.689720094203949,4.280426025390625,6.298587799072266,20.21660804748535
376,35.53610880011951,302.3062794561157,-18.18232536315918,47.836917877197266,5.2168192863464355,-7.508044719696045,0.6333550214767456,1.207991600036621,3.7488012313842773,-16.449987411499023
377,35.6240848001198,305.6095925648937,-17.73683738708496,47.187870025634766,5.058440685272217,-7.349814414978027,0.4335545003414154,0.13424523174762726,2.6794896125793457,-1.6054368019104004
378,35.71958870012013,308.0108850946381,-17.224836349487305,46.4709358215332,5.604445457458496,-7.674072265625,0.31366077065467834,6.318359375,-5.561623573303223,4.282359600067139
379,35.81519140012045,309.91210267751455,-16.643049240112305,45.69839859008789,6.402554035186768,-8.272599220275879,0.22927050292491913,6.801287651062012,-4.060055732727051,-2.078768491744995
380,35.898703000120726,311.00766057261563,-16.075599670410156,44.97702407836914,6.979560852050781,-8.821565628051758,0.11083050817251205,3.551226854324341,-4.630955219268799,-4.622742652893066
381,35.99699960012106,310.5665925821297,-15.386466979980469,44.08450698852539,7.04465389251709,-9.30280876159668,-0.1627110242843628,-2.423997402191162,-1.9428461790084839,8.787423133850098
382,36.09454340012138,308.9914840061474,-14.687628746032715,43.19049072265625,7.29886531829834,-9.083330154418945,-0.1919056922197342,-0.16797825694084167,1.9358187913894653,-0.41902709007263184
383,36.180700600121675,308.05734795792785,-14.01952075958252,42.35505676269531,7.086533069610596,-8.929407119750977,-0.3148822784423828,-7.007379055023193,3.368039131164551,-46.91464614868164
384,36.278029800122,307.53525273012445,-13.393747329711914,41.55459976196289,6.818700313568115,-8.782122611999512,-0.06801372021436691,-2.4410219192504883,1.5164200067520142,-0.9152097702026367
385,36.376451500122336,307.26265304938374,-12.740265846252441,40.705162048339844,6.56356143951416,-8.568476676940918,-0.011043054051697254,-1.8927241563796997,2.2306056022644043,0.7990629076957703
386,36.472153800122655,307.2544539758345,-12.114089012145996,39.884056091308594,6.3491058349609375,-8.34191608428955,-9.36014112085104e-05,-1.3939578533172607,1.7319517135620117,0.004111878108233213
387,36.566840900122976,307.1257959879206,-11.531037330627441,39.1070442199707,6.0330119132995605,-8.224116325378418,-0.06260461360216141,-4.1456522941589355,0.1553841233253479,-2.344460964202881
388,36.662384500123295,306.6118377870101,-10.96340274810791,38.33694076538086,5.9200663566589355,-7.949748992919922,-0.0516764260828495,-1.3721059560775757,2.160238027572632,0.1866287738084793
389,36.77131170012366,306.3654892175472,-10.335288047790527,37.48932647705078,5.707406997680664,-7.722393035888672,-0.01690381020307541,-1.4179478883743286,1.6338502168655396,1.3603770732879639
390,36.85561140012394,305.99280697479827,-9.852484703063965,36.81156539916992,5.3004045486450195,-7.707228183746338,-0.12915164232254028,-4.530194282531738,-0.042031221091747284,-1.818457007408142
391,36.954323600124276,304.30489346266114,-9.385244369506836,36.085289001464844,4.74220609664917,-7.731479167938232,-0.38796761631965637,-5.612430572509766,-0.08737532794475555,-11.48062801361084
392,37.04714640012459,301.0869947946404,-8.971894264221191,35.35017013549805,4.090615749359131,-7.745253562927246,-0.4982149004936218,-5.403512954711914,-0.23837201297283173,6.6028361320495605
393,37.14367850012491,296.7531435959426,-8.621039390563965,34.600135803222656,3.317466974258423,-7.75539493560791,-0.7110146284103394,-7.186010837554932,-0.02735861949622631,-9.474123001098633
394,37.23955210012524,292.31543195360655,-8.328286170959473,33.86035919189453,2.985717296600342,-7.607402324676514,-0.5111329555511475,-0.17162275314331055,1.5576988458633423,47.35092544555664
395,37.35137290012561,289.13012132390907,-8.008729934692383,33.040321350097656,2.757709503173828,-7.422549724578857,-0.2950599193572998,-3.0752015113830566,1.069260597229004,15.556756973266602
396,37.447954200125935,287.693329952613,-7.760688304901123,32.32205581665039,2.4016451835632324,-7.299513339996338,-0.15956100821495056,-2.3760533332824707,1.3341304063796997,-0.6902689933776855
397,37.543841500126256,286.8805689561051,-7.551303386688232,31.63144874572754,2.0052008628845215,-7.1964311599731445,-0.16255474090576172,-4.339929580688477,0.9633166193962097,-5.4674601554870605
398,37.64248100012659,285.05339361554013,-7.385107040405273,30.928056716918945,1.4591071605682373,-7.082217693328857,-0.32117992639541626,-4.163715839385986,1.0740036964416504,7.838692665100098
399,37.72755590012687,282.22298234151395,-7.288686275482178,30.33513641357422,0.9364728927612305,-6.923480033874512,-0.4931686520576477,-4.764380931854248,1.8636585474014282,0.32473209500312805
400,37.8237913001272,277.95890653318,-7.228798866271973,29.65654182434082,0.4845591187477112,-7.317787170410156,-0.7248460054397583,-1.9314136505126953,-8.732391357421875,-19.921092987060547
401,37.90922090012749,273.7965826998363,-7.200053691864014,28.996532440185547,0.214413583278656,-8.130826950073242,-0.6312902569770813,-3.506355047225952,-6.508431434631348,5.108142852783203
402,38.00736920012782,269.32835699753787,-7.197763442993164,28.1455078125,-0.033552177250385284,-8.96924877166748,-0.5486204624176025,-0.5311552286148071,-5.599920272827148,8.379304885864258
403,38.10494010012815,266.5263940304805,-7.216149806976318,27.2447452545166,-0.35142216086387634,-9.31303596496582,-0.33781132102012634,-3.712711811065674,0.4162464439868927,-2.1963164806365967
404,38.18881200012843,265.0248587764989,-7.263930320739746,26.428627014160156,-0.6539010405540466,-9.666146278381348,-0.20022092759609222,-1.748294711112976,-7.973763465881348,8.208914756774902
405,38.28390950012875,263.71766288422106,-7.343120098114014,25.48040008544922,-1.0492581129074097,-10.548283576965332,-0.21298055350780487,-5.1730122566223145,-7.171518325805664,-2.377413749694824
406,38.36652010012902,262.41664609146204,-7.455368518829346,24.575721740722656,-1.5615488290786743,-11.206108093261719,-0.22261136770248413,-5.10427713394165,-5.029017448425293,1.5882827043533325
407,38.46249550012935,260.5518581730692,-7.639545917510986,23.498851776123047,-2.2179267406463623,-11.568342208862305,-0.33745741844177246,-5.556993007659912,-1.6704157590866089,-5.909832954406738
408,38.55567610012966,258.537577707566,-7.855077743530273,22.39297866821289,-2.271923303604126,-11.686749458312988,-0.21335797011852264,-0.928712785243988,1.2226985692977905,4.6684465408325195
409,38.65293660012999,257.3084928655641,-8.083114624023438,21.283344268798828,-2.447740316390991,-11.402199745178223,-0.13480202853679657,-1.4165103435516357,2.8457417488098145,0.937572181224823
410,38.747489400130306,256.64401211925974,-8.327363014221191,20.19722557067871,-2.5677249431610107,-11.05649185180664,-0.06527099013328552,-0.45153430104255676,2.5847291946411133,6.097555160522461
411,38.84323870013063,256.31724586258935,-8.573408126831055,19.160219192504883,-2.591381788253784,-10.73569107055664,-0.03490113466978073,0.0779682844877243,2.6837069988250732,0.8507724404335022
412,38.93745030013095,256.17108043482716,-8.814924240112305,18.167665481567383,-2.5642940998077393,-10.439616203308105,-0.017683135345578194,0.45687490701675415,3.052773952484131,-0.5170158743858337
413,39.03215310013126,256.119665223414,-9.050790786743164,17.208568572998047,-2.5112717151641846,-10.156386375427246,-0.0035296683199703693,0.44788476824760437,2.212123155593872,0.06154678389430046
414,39.115468700131544,256.1153663661608,-9.256975173950195,16.37403678894043,-2.4473931789398193,-9.906097412109375,-0.00014002145326230675,0.5293355584144592,2.1658670902252197,0.0016590406885370612
415,39.209710600131864,256.4659115489184,-9.469914436340332,15.448847770690918,-2.0641276836395264,-9.707695007324219,0.11116566509008408,3.7059288024902344,1.5224076509475708,1.0702141523361206
416,39.30597230013218,257.69735801741456,-9.65963077545166,14.535922050476074,-2.0375986099243164,-9.421651840209961,0.15707501769065857,-0.09075703471899033,2.388822078704834,0.11059883236885071
417,39.39125360013247,258.37528248093764,-9.833786010742188,13.720507621765137,-1.9308634996414185,-9.191686630249023,0.07384316623210907,1.1212753057479858,1.8329339027404785,-4.081590175628662
418,39.49805180013283,258.66510392456104,-10.030346870422363,12.762617111206055,-1.8026142120361328,-8.914306640625,0.018268754705786705,0.71178138256073,2.0836410522460938,-1.034492015838623
419,39.59245490013315,258.9784067633389,-10.183218002319336,11.943242073059082,-1.4753893613815308,-8.724044799804688,0.10547320544719696,3.7289037704467773,1.6425663232803345,2.937406539916992
420,39.686062300133464,260.53552273284885,-10.293774604797363,11.136942863464355,-0.9774570465087891,-8.5221529006958,0.3790019452571869,5.150684356689453,2.2196266651153564,13.41897964477539
421,39.78169980013379,263.7504013402605,-10.354731559753418,10.322284698486328,-0.3881220519542694,-8.262886047363281,0.6252371668815613,6.014937877655029,2.6237852573394775,-6.932661533355713
422,39.87685500013411,267.86129729378115,-10.357833862304688,9.565844535827637,0.13113930821418762,-7.986551761627197,0.6265691518783569,1.4883575439453125,2.518501043319702,2.250967025756836
423,39.972213800134426,271.134774592406,-10.354044914245605,8.813261985778809,0.03210200369358063,-7.786784648895264,0.38515397906303406,1.428826093673706,1.9625110626220703,7.537448883056641
424,40.06558510013474,273.0412486147785,-10.328791618347168,8.096972465515137,0.49421873688697815,-7.549277305603027,0.23690661787986755,4.3930535316467285,2.157374143600464,-5.068343162536621
425,40.15972520013506,275.14783985312874,-10.248225212097168,7.398647308349609,1.0663535594940186,-7.2385478019714355,0.2668132781982422,3.0353455543518066,2.1386733055114746,-4.413844108581543
426,40.25555470013538,278.4597678945711,-10.114325523376465,6.715195178985596,1.582770824432373,-6.850584506988525,0.600129246711731,4.6124587059021,3.6562154293060303,-12.32386589050293
427,40.3506463001357,282.58087684279536,-9.942705154418945,6.108461856842041,2.0648655891418457,-6.452736854553223,0.5303677916526794,3.3028159141540527,2.8282690048217773,-18.05541229248047
428,40.44666560013602,287.61338841199336,-9.711599349975586,5.503281116485596,2.560563325881958,-6.003146171569824,0.8192837834358215,4.328806400299072,4.17973518371582,6.5348076820373535
429,40.54281560013634,292.8224718540963,-9.440442085266113,4.953808307647705,3.0051827430725098,-5.539361953735352,0.7528373599052429,3.450178384780884,3.8949382305145264,-13.504465103149414
430,40.651903100136714,298.8961732762418,-9.07906436920166,4.376967906951904,3.4509294033050537,-4.9814839363098145,0.9045692682266235,3.481684684753418,4.845898628234863,8.995279312133789
431,40.74723880013703,304.0603476675399,-8.732961654663086,3.9313621520996094,3.769545555114746,-4.491336822509766,0.8963187336921692,2.8928825855255127,4.919834613800049,26.88540267944336
432,40.84465200013736,309.23141335361447,-8.351977348327637,3.5246191024780273,4.032168865203857,-3.9898250102996826,0.7323074340820312,1.8939907550811768,4.083104133605957,-6.225201606750488
433,40.942579700137685,314.33512324062934,-7.943120002746582,3.1595311164855957,4.411085605621338,-3.7357656955718994,0.7671665549278259,7.549595355987549,-4.340292453765869,4.296032428741455
434,41.026382800137974,318.88795932629813,-7.53106689453125,2.8245604038238525,5.209019184112549,-4.078712463378906,0.7385869026184082,7.7629618644714355,-1.8413338661193848,-3.8930764198303223
435,41.11995780013829,324.05922140507715,-6.987241268157959,2.4395506381988525,6.1832780838012695,-4.045381546020508,0.6602078676223755,6.726469993591309,2.322720527648926,-22.584461212158203
436,41.214726700138606,329.2023615822935,-6.356484413146973,2.0832715034484863,6.882084846496582,-3.509575366973877,0.6947187185287476,3.2598538398742676,5.664885997772217,-10.572454452514648
437,41.31032650013893,334.43942887425237,-5.683740139007568,1.7914159297943115,7.086845397949219,-2.7364587783813477,0.7449640035629272,0.4285373389720917,6.3561506271362305,-10.267223358154297
438,41.406237900139246,339.8406931398521,-5.008412837982178,1.5752440690994263,7.078131675720215,-1.952046513557434,0.8431713581085205,-0.5054553747177124,6.898773193359375,22.636960983276367
439,41.50219670013957,345.26473233212687,-4.332236289978027,1.422021508216858,6.9645233154296875,-1.4394723176956177,0.6893743872642517,-1.0911442041397095,1.0146615505218506,-36.344886779785156
440,41.587205700139855,348.75214808849483,-3.750258684158325,1.2936229705810547,6.800673484802246,-1.501848816871643,0.5476541519165039,-1.650693655014038,1.5391396284103394,14.015853881835938
441,41.68434610014018,351.05529550223895,-3.1012158393859863,1.1653319597244263,6.654694557189941,-1.170326590538025,0.2713783383369446,-1.2899304628372192,3.2130918502807617,5.313302993774414
442,41.780759500140505,352.11288507762976,-2.462758779525757,1.066445231437683,6.497752666473389,-0.9284412860870361,0.10285425186157227,-1.4787362813949585,1.2449610233306885,1.904184341430664
443,41.87557040014082,351.94731371816624,-1.8542382717132568,0.9647070169448853,6.276677131652832,-1.164685606956482,-0.13560038805007935,-2.2659173011779785,-2.6115052700042725,-3.5476009845733643
444,41.98267210014119,350.3176979534707,-1.2077196836471558,0.8399413824081421,6.084733009338379,-1.073798418045044,-0.23055732250213623,-1.2774471044540405,2.4673068523406982,-2.80784010887146
445,42.0765079001415,349.6497876832016,-0.634716808795929,0.7391894459724426,6.182971000671387,-1.1027919054031372,-0.06956278532743454,8.969026565551758,-1.7336156368255615,-0.07872559875249863
446,42.17297180014182,349.2788364514832,0.016513671725988388,0.6241601705551147,7.211777210235596,-1.2418386936187744,-0.03481294587254524,8.576751708984375,-0.32644081115722656,0.40329933166503906
447,42.25810660014211,349.38997253159,0.6838281154632568,0.5217871069908142,7.999027729034424,-1.1294726133346558,0.06457643210887909,5.428212642669678,1.0176432132720947,-3.8162102699279785
448,42.340952600142394,350.4545046044225,1.368740200996399,0.43199217319488525,8.548775672912598,-1.137184500694275,0.24338741600513458,4.583678245544434,-2.9716830253601074,4.116540431976318
449,42.434788300142706,351.55238315989357,2.1821680068969727,0.3103124797344208,8.659737586975098,-1.2671911716461182,0.132921501994133,-0.7813379168510437,3.2635836601257324,3.9983463287353516
450,42.53035850014303,352.81949062507067,2.9935302734375,0.22177733480930328,8.495308876037598,-0.728756308555603,0.24707205593585968,-1.5671093463897705,4.123068332672119,2.37801194190979
451,42.62707930014335,355.5149356730064,3.795048713684082,0.18572264909744263,8.22409725189209,-0.1527845859527588,0.21434126794338226,-1.25223708152771,2.289353847503662,-104.07049560546875
452,42.72390280014368,358.51302896927274,4.578110218048096,0.17243163287639618,7.981330394744873,-0.21113212406635284,0.3230627477169037,-1.7545257806777954,-0.5329229831695557,-4.451935768127441
453,42.819621900144,0.12653563003070983,5.328100681304932,0.15786132216453552,7.480748653411865,-0.0702415257692337,0.14418922364711761,-5.907639980316162,1.3022592067718506,-1.173194169998169
454,42.912939300144316,0.8420914099897704,5.97781229019165,0.15631835162639618,6.491390705108643,0.006599565967917442,0.06086475029587746,-9.361678123474121,0.09567947685718536,-0.27363455295562744
455,43.00814400014463,1.0088207658149748,6.540248870849609,0.15647460520267487,5.405250549316406,-0.012762255035340786,0.0011765037197619677,-8.133770942687988,-0.14828479290008545,-0.4257217347621918
456,43.09291060014492,1.0119013008712983,6.957197189331055,0.15565429627895355,4.431344985961914,-0.007039278745651245,0.0004366810608189553,-12.246647834777832,0.07366473227739334,0.003933706786483526
457,43.18881450014524,1.015702663355293,7.31176233291626,0.1553320288658142,3.388584613800049,0.00011787693802034482,0.0011448711156845093,-8.72504997253418,0.01673908159136772,-0.012256426736712456
458,43.283845900145565,1.0202232530170083,7.575849533081055,0.15543945133686066,2.3115298748016357,0.002838841639459133,0.0006516158464364707,-7.503472328186035,-0.043688029050827026,-0.04635686054825783
459,43.37784860014588,1.0238781899273255,7.734726428985596,0.15568359196186066,1.2622241973876953,0.003301827237010002,0.0011083870194852352,-8.42016887664795,-0.004462091252207756,0.01810375787317753
460,43.4731204001462,1.0275490300527539,7.795839786529541,0.15569335222244263,0.16596576571464539,-0.0014722815249115229,0.0006561180343851447,-11.553705215454102,-0.10799463093280792,-0.0044433786533772945
461,43.569408000146524,1.027001098798106,7.795942306518555,0.15568359196186066,-0.0006852482911199331,-0.00013015033619012684,-8.453447719602991e-08,-0.0012436923570930958,0.000969956221524626,-3.095929423579946e-05
462,43.66715930014685,1.0270660949273964,7.796323299407959,0.15569335222244263,-0.0012313550105318427,-1.2828149010601919e-05,-2.2354498696586234e-08,-0.030988659709692,-0.0017867652932181954,5.090658669359982e-05
463,43.76455910014718,1.0271610810611083,7.796576976776123,0.1557031273841858,-0.0035305481869727373,-6.388041219906881e-05,-1.6454600881843362e-07,0.004793290980160236,-0.00018746698333416134,0.0002028819581028074
464,43.84795470014746,1.0273732523376111,7.796728134155273,0.15571288764476776,-0.0033841633703559637,-9.872287046164274e-05,9.557823068462312e-05,0.001473801676183939,-0.00016573832544963807,0.00863663386553526
465,43.9490139001478,1.0275870245075895,7.796860218048096,0.1557324230670929,-0.0032022648956626654,-6.775744259357452e-05,3.764280904761108e-07,0.0021334707271307707,6.783002754673362e-05,-4.763283868669532e-05
466,44.04744760014813,1.0275896926575119,7.796899318695068,0.15575194358825684,-0.002958643715828657,-6.092242256272584e-05,9.637983566790354e-07,0.002278242027387023,6.500769086414948e-05,1.4029518752067816e-05
467,44.14276270014845,1.0275926809854259,7.796875,0.15576171875,-0.002585630863904953,-5.154954124009237e-05,3.7101040106790606e-07,0.004891089163720608,0.00010026427480624989,-9.302020043833181e-05
468,44.249894600148814,1.0275949222313616,7.796792030334473,0.15576171875,-0.0017182237934321165,-3.337577072670683e-05,-9.53507708345569e-08,0.00788823887705803,0.00016615820641163737,-4.698055636254139e-05
469,44.34878850014914,1.0275958827653344,7.796703815460205,0.15577147901058197,-0.0008246971992775798,-1.5707868442405015e-05,0.0,0.008224578574299812,0.00017831636068876833,-4.503178934101015e-05
470,44.44575100014947,1.0275957760393373,7.796689510345459,0.15577147901058197,0.0,-0.0,0.0,0.0,0.0,0.0
471,44.556498100149845,1.0275957760393373,7.796689510345459,0.15577147901058197,0.0,-0.0,0.0,0.0,0.0,0.0
472,44.65364550015017,1.0275957760393373,7.796689510345459,0.15577147901058197,0.0,-0.0,0.0,0.0,0.0,0.0
473,44.74901570015049,1.0275957760393373,7.796689510345459,0.15577147901058197,0.0,-0.0,0.0,0.0,0.0,0.0
474,44.84674670015082,1.0275957760393373,7.796689510345459,0.15577147901058197,0.0,-0.0,0.0,0.0,0.0,0.0
475,44.94286140015114,1.0275957760393373,7.796689510345459,0.15577147901058197,0.0,-0.0,0.0,0.0,0.0,0.0
476,45.03076110015144,1.0275957760393373,7.796689510345459,0.15577147901058197,0.0,-0.0,0.0,0.0,0.0,0.0
477,45.12708280015176,1.0275957760393373,7.796689510345459,0.15577147901058197,0.0,-0.0,0.0,0.0,0.0,0.0
478,45.22348120015209,1.0275957760393373,7.796689510345459,0.15577147901058197,0.0,-0.0,0.0,0.0,0.0,0.0
479,45.32034540015241,1.0275957760393373,7.796689510345459,0.15577147901058197,0.0,-0.0,0.0,0.0,0.0,0.0
480,45.40413050015269,1.0275957760393373,7.796689510345459,0.15577147901058197,0.0,-0.0,0.0,0.0,0.0,0.0
481,45.50025430015302,1.0275957760393373,7.796689510345459,0.15577147901058197,0.0,-0.0,0.0,0.0,0.0,0.0
482,45.59500450015334,1.0275957760393373,7.796689510345459,0.15577147901058197,0.0,-0.0,0.0,0.0,0.0,0.0
483,45.66791880015358,1.0275957760393373,7.796689510345459,0.15577147901058197,0.0,-0.0,0.0,0.0,0.0,0.0
484,45.76617630015391,1.0275957760393373,7.796689510345459,0.15577147901058197,0.0,-0.0,0.0,0.0,0.0,0.0
